"# Dubai registered Ejari rents by district and bedroom count 2026 - TEX & TEX Real Estate, computed from Dubai Land Department open data, generated 2026-09-30. Free to republish with attribution and a link to https://data.tex.ae"
area,rooms,contracts,median_rent,median_sqft
ABU HAIL,Not specified,1950,38000,753
AL ATHBAH,Not specified,33,200000,6135
AL AWEER FIRST,Not specified,181,170000,4499
AL AWEER SECOND,Not specified,20,33016,753
AL BADA,Not specified,2927,75500,1067
AL BARAHA,Not specified,2322,27000,439
AL BARSHA FIRST,Not specified,10629,76707,1010
AL BARSHA SECOND,Not specified,191,320000,11238
AL BARSHA SOUTH FIFTH,Not specified,2301,62000,737
AL BARSHA SOUTH FIFTH,2,252,192251,7013
AL BARSHA SOUTH FIFTH,1,143,120000,1938
AL BARSHA SOUTH FIFTH,3,19,210000,1819
AL BARSHA SOUTH FIFTH,4,13,210000,1174
AL BARSHA SOUTH FIFTH,5,7,250000,6577
AL BARSHA SOUTH FOURTH,Not specified,22070,65000,780
AL BARSHA SOUTH FOURTH,3,330,180000,1791
AL BARSHA SOUTH FOURTH,4,276,200000,2017
AL BARSHA SOUTH FOURTH,2,119,161000,6801
AL BARSHA SOUTH FOURTH,1,59,110001,1938
AL BARSHA SOUTH FOURTH,5,24,190000,3739
AL BARSHA THIRD,Not specified,162,322000,11291
AL BARSHA THIRD,5,7,370000,19999
AL BARSHAA SOUTH FIRST,Not specified,100,300000,9790
AL BARSHAA SOUTH SECOND,Not specified,1040,70000,812
AL BARSHAA SOUTH SECOND,3,47,240000,2967
AL BARSHAA SOUTH SECOND,4,28,335500,4187
AL BARSHAA SOUTH THIRD,Not specified,10862,61000,768
AL BUTEEN,Not specified,371,50000,646
AL DHAGAYA,Not specified,598,42000,441
AL GARHOUD,Not specified,1590,86000,1330
AL GOZE FIRST,Not specified,198,115000,3595
AL GOZE FOURTH,Not specified,1773,54000,860
AL GOZE FOURTH,5,5,195000,4624
AL GOZE INDUSTRIAL FIRST,Not specified,60,34000,204
AL GOZE INDUSTRIAL FOURTH,Not specified,93,51000,194
AL GOZE INDUSTRIAL SECOND,Not specified,5709,52500,912
AL GOZE INDUSTRIAL THIRD,Not specified,46,36000,228
AL GOZE THIRD,Not specified,1268,38400,175
AL HAMRIYA,Not specified,3228,58000,818
AL HEBIAH FIFTH,Not specified,1813,60000,790
AL HEBIAH FIFTH,4,408,145000,1550
AL HEBIAH FIFTH,5,182,190000,2357
AL HEBIAH FIFTH,3,77,135000,1550
AL HEBIAH FIFTH,6,9,390000,5005
AL HEBIAH FIRST,Not specified,1510,78000,1087
AL HEBIAH FIRST,3,44,262500,3453
AL HEBIAH FIRST,4,29,310000,3360
AL HEBIAH FIRST,5,7,450000,4870
AL HEBIAH FOURTH,Not specified,6600,50490,737
AL HEBIAH FOURTH,4,588,300000,2562
AL HEBIAH FOURTH,3,440,195000,1512
AL HEBIAH FOURTH,5,218,490000,6663
AL HEBIAH FOURTH,6,16,710000,14496
AL HEBIAH SECOND,Not specified,1734,60000,592
AL HEBIAH SECOND,6,8,1201783,23745
AL HEBIAH SIXTH,3,602,180000,1975
AL HEBIAH SIXTH,4,344,235000,3326
AL HEBIAH SIXTH,Not specified,75,72000,731
AL HEBIAH SIXTH,5,14,250000,6684
AL HEBIAH SIXTH,2,8,140750,1776
AL HEBIAH THIRD,Not specified,2279,55000,506
AL HEBIAH THIRD,3,511,190000,2724
AL HEBIAH THIRD,4,296,210000,2462
AL HEBIAH THIRD,5,143,340000,4847
AL HEBIAH THIRD,6,17,450000,5587
AL HUDAIBA,Not specified,1456,68354,1203
AL JADAF,Not specified,6760,75000,926
AL JAFLIYA,Not specified,505,83000,1747
AL KARAMA,Not specified,9547,64000,979
AL KHABEESI,Not specified,71,51000,1357
AL KHAIRAN FIRST,Not specified,4556,130000,1076
AL KHAWANEEJ FIRST,Not specified,113,240000,10000
AL KHAWANEEJ FIRST,5,5,550000,9698
AL KHAWANEEJ SECOND,Not specified,119,190000,4984
AL KHEERAN,Not specified,574,120000,1213
AL KHEERAN,3,8,272000,4069
AL KHEERAN,4,6,301000,4284
AL KIFAF,Not specified,485,140000,1401
AL LUSAILY,Not specified,141,36000,615
AL MAMZER,Not specified,3206,66500,1227
AL MANARA,Not specified,300,253250,4395
AL MARARR,Not specified,4813,32000,375
AL MARMOOM,Not specified,31,55000,334
AL MERKADH,Not specified,8761,75000,560
AL MERKADH,4,126,705000,6135
AL MERKADH,5,72,1062469,8384
AL MERKADH,6,20,2500000,13207
AL MERKADH,7,6,4750000,18934
AL MIZHAR FIRST,Not specified,96,212500,11453
AL MIZHAR FOURTH,Not specified,13,120000,4790
AL MIZHAR SECOND,Not specified,47,166154,7502
AL MIZHAR THIRD,Not specified,45,180000,8762
AL MURQABAT,Not specified,8361,70000,1020
AL MUTEENA,Not specified,4142,52558,804
AL NAHDA FIRST,Not specified,8724,57000,1095
AL NAHDA SECOND,Not specified,11384,52000,1000
AL QUSAIS,Not specified,8085,47000,903
AL QUSAIS INDUSTRIAL FIFTH,Not specified,5317,47500,1085
AL QUSAIS INDUSTRIAL FIRST,Not specified,1010,46612,797
AL QUSAIS INDUSTRIAL FOURTH,Not specified,643,50400,1001
AL QUSAIS INDUSTRIAL SECOND,Not specified,532,58000,1195
AL QUSAIS INDUSTRIAL THIRD,Not specified,296,55500,980
AL RAFFA,Not specified,5522,60900,1001
AL RAS,Not specified,604,55000,624
AL RASHIDIYA,Not specified,797,90000,2594
AL REGA,Not specified,1841,63000,883
AL ROWAIYAH FIRST,Not specified,248,21500,267
AL ROWAIYAH THIRD,Not specified,161,95000,1610
AL SABKHA,Not specified,202,50000,603
AL SAFFA FIRST,Not specified,828,109073,1316
AL SAFFA SECOND,Not specified,293,220500,3237
AL SAFOUH FIRST,Not specified,576,105000,1373
AL SAFOUH SECOND,Not specified,390,170000,1841
AL SATWA,Not specified,4378,79000,947
AL SUQ AL KABEER,Not specified,4714,45000,604
AL THANAYAH FOURTH,3,936,230000,3681
AL THANAYAH FOURTH,2,797,150000,2228
AL THANAYAH FOURTH,5,152,438750,6701
AL THANAYAH FOURTH,4,144,380000,6227
AL THANAYAH FOURTH,6,35,735000,13102
AL THANYAH FIFTH,Not specified,6627,85000,883
AL THANYAH FIFTH,4,375,374400,7957
AL THANYAH FIFTH,3,368,300000,7171
AL THANYAH FIFTH,5,105,500000,8617
AL THANYAH FIRST,Not specified,4420,79000,982
AL THANYAH THIRD,Not specified,3047,114345,1001
AL THANYAH THIRD,3,210,280000,3065
AL THANYAH THIRD,4,36,415000,5856
AL THANYAH THIRD,5,14,502500,9483
AL TTAY,Not specified,878,40000,541
AL TWAR FIFTH,Not specified,1885,52000,888
AL TWAR FIRST,Not specified,426,54038,950
AL TWAR FOURTH,Not specified,34,122500,4521
AL TWAR SECOND,Not specified,32,165000,5070
AL TWAR THIRD,Not specified,47,170000,10764
AL WAHEDA,Not specified,186,120000,4171
AL WARQA FIRST,Not specified,8045,55440,989
AL WARQA FOURTH,Not specified,59,200000,11528
AL WARQA SECOND,Not specified,51,220000,7007
AL WARQA THIRD,Not specified,108,200000,11560
AL WARSAN FIRST,Not specified,20221,36951,716
AL WARSAN FIRST,3,340,115000,1658
AL WARSAN SECOND,Not specified,114,193464,2265
AL WARSAN THIRD,Not specified,79,38000,716
AL WASL,Not specified,1669,190000,1582
AL YELAYISS 1,3,933,157000,2519
AL YELAYISS 1,4,346,190000,3197
AL YELAYISS 2,Not specified,3189,69300,872
AL YELAYISS 2,3,1253,145000,2024
AL YELAYISS 2,4,354,172801,2919
AL YUFRAH 1,3,504,135000,1873
AL YUFRAH 1,4,166,170000,2777
AL YUFRAH 2,3,82,80245,1884
AL YUFRAH 2,4,11,110000,1884
AL YUFRAH 3,3,38,77000,1636
AL-CORNICH,Not specified,963,107218,1416
BUKADRA,Not specified,83,95000,1608
BURJ KHALIFA,Not specified,7168,140000,1092
BUSINESS BAY,Not specified,13585,93500,868
DUBAI INVESTMENT PARK FIRST,Not specified,3042,58000,872
DUBAI INVESTMENT PARK FIRST,4,74,330375,9418
DUBAI INVESTMENT PARK FIRST,3,69,190000,3280
DUBAI INVESTMENT PARK FIRST,5,6,955000,13612
DUBAI INVESTMENT PARK SECOND,Not specified,2274,42000,528
EYAL NASSER,Not specified,1373,35000,324
GHADEER AL TAIR,Not specified,67,290000,10000
GRAYTEESAH,Not specified,18,49857,393
HADAEQ SHEIKH MOHAMMED BIN RASHID,Not specified,4108,108000,764
HADAEQ SHEIKH MOHAMMED BIN RASHID,4,636,290000,3166
HADAEQ SHEIKH MOHAMMED BIN RASHID,3,594,240000,2143
HADAEQ SHEIKH MOHAMMED BIN RASHID,5,247,450000,5748
HADAEQ SHEIKH MOHAMMED BIN RASHID,2,130,156000,1206
HADAEQ SHEIKH MOHAMMED BIN RASHID,6,36,2000000,13215
HATTA,Not specified,19,25000,969
HESSYAN FIRST,Not specified,264,45000,762
HESSYAN FIRST,4,72,182547,8623
HESSYAN FIRST,3,71,92000,1027
HESSYAN FIRST,2,38,75000,1035
HOR AL ANZ,Not specified,3721,41813,753
HOR AL ANZ EAST,Not specified,2925,59850,1175
ISLAND 2,Not specified,41,810000,2088
ISLAND 2,3,9,1400000,2971
JABAL ALI,Not specified,14,54150,990
JABAL ALI FIRST,Not specified,19416,59166,861
JABAL ALI FIRST,3,637,200000,2476
JABAL ALI FIRST,4,626,260000,3846
JABAL ALI FIRST,5,107,378462,6458
JABAL ALI FIRST,6,14,422500,8032
JABAL ALI INDUSTRIAL FIRST,Not specified,1547,34500,242
JABAL ALI INDUSTRIAL SECOND,Not specified,763,50350,603
JUMEIRAH FIRST,Not specified,1983,165000,1560
JUMEIRAH FIRST,4,20,650000,4801
JUMEIRAH FIRST,3,13,500000,2885
JUMEIRAH FIRST,5,11,1100000,6641
JUMEIRAH SECOND,Not specified,600,220000,3068
JUMEIRAH THIRD,Not specified,582,252566,3778
LEHBAB FIRST,Not specified,14,25500,525
LEHBAB SECOND,Not specified,17,22000,399
MADINAT AL MATAAR,Not specified,5059,64000,785
MADINAT AL MATAAR,3,932,110000,1519
MADINAT AL MATAAR,4,515,155000,3100
MADINAT AL MATAAR,2,57,125000,1442
MADINAT AL MATAAR,5,26,249615,4016
MADINAT DUBAI ALMELAHEYAH,Not specified,1374,79820,1306
MADINAT HIND 3,Not specified,64,215000,6157
MADINAT HIND 4,3,3082,90000,1636
MADINAT HIND 4,4,400,110000,1830
MADINAT HIND 4,Not specified,351,42000,431
MADINAT HIND 4,5,103,140000,1882
MADINAT HIND 4,2,81,90000,1436
MADINAT HIND 4,6,77,215000,4585
MANKHOOL,Not specified,8040,80000,1236
MARGHAM,Not specified,6,34000,2422
MARSA DUBAI,Not specified,14618,120000,1167
ME'AISEM FIRST,Not specified,5380,49692,646
ME'AISEM FIRST,3,101,300000,1938
ME'AISEM FIRST,4,77,475000,3983
ME'AISEM FIRST,5,65,800000,8454
ME'AISEM FIRST,6,35,875000,9591
ME'AISEM FIRST,2,24,172500,1447
ME'AISEM FIRST,7,5,1100000,13587
MIRDIF,Not specified,8036,85000,1562
MIRDIF,3,257,136500,3557
MIRDIF,2,219,90000,2170
MIRDIF,4,134,154350,3962
MUHAISANAH FIRST,Not specified,310,105000,1345
MUHAISANAH FOURTH,Not specified,8844,40425,986
MUHAISANAH SECOND,Not specified,392,36000,175
MUHAISANAH THIRD,Not specified,35,155250,6889
MUSHRIF,Not specified,11,300000,6146
NAD AL HAMAR,Not specified,2617,61123,1037
NAD AL SHIBA FIRST,Not specified,1635,97000,1136
NAD AL SHIBA FIRST,4,126,315000,3305
NAD AL SHIBA FIRST,3,96,300000,2530
NAD AL SHIBA FIRST,5,48,600000,8299
NAD AL SHIBA FIRST,6,38,550000,5511
NAD AL SHIBA FOURTH,Not specified,77,350000,9623
NAD AL SHIBA SECOND,Not specified,36,182500,1658
NAD AL SHIBA THIRD,Not specified,618,230000,4446
NAD SHAMMA,Not specified,13,165000,9591
NADD HESSA,Not specified,12319,54500,818
NADD HESSA,4,514,174685,4997
NADD HESSA,3,251,170940,3612
NADD HESSA,5,70,252500,5920
NAIF,Not specified,4848,35925,431
OUD METHA,Not specified,3209,80000,1300
PALM DEIRA,Not specified,10,130000,1471
PALM JUMEIRAH,Not specified,3106,195000,1709
PALM JUMEIRAH,4,125,900000,6699
PALM JUMEIRAH,5,78,1050000,6707
PALM JUMEIRAH,6,37,1800000,13401
PALM JUMEIRAH,3,15,600000,4553
PORT SAEED,Not specified,1825,64000,825
RAS AL KHOR INDUSTRIAL FIRST,Not specified,75,57225,550
RAS AL KHOR INDUSTRIAL SECOND,Not specified,146,55000,750
RAS AL KHOR INDUSTRIAL THIRD,Not specified,3377,56999,946
REGA AL BUTEEN,Not specified,610,110000,1876
SAIH SHUAIB 1,Not specified,114,48650,843
SAIH SHUAIB 1,4,37,150000,5086
SAIH SHUAIB 1,5,5,190000,6270
SAIH SHUAIB 2,Not specified,1378,42500,565
SAIH SHUAIB 2,3,68,80890,1498
SAIH SHUAIB 2,2,22,76500,1213
SAIH SHUAIB 2,1,20,45000,602
SAIH SHUAIB 3,Not specified,119,36000,281
SAIH SHUAIB 4,Not specified,23,36000,279
TRADE CENTER FIRST,Not specified,3245,110900,1420
TRADE CENTER SECOND,Not specified,1798,107415,1249
UM AL SHEIF,Not specified,166,195000,2863
UM HURAIR FIRST,Not specified,897,69000,1000
UM HURAIR SECOND,Not specified,458,86715,1460
UM RAMOOL,Not specified,255,102000,1532
UM SUQAIM FIRST,Not specified,546,285582,3918
UM SUQAIM SECOND,Not specified,574,230000,3859
UM SUQAIM THIRD,Not specified,790,175000,1313
WADI AL AMARDI,Not specified,24,210325,4349
WADI AL SAFA 2,Not specified,3790,53000,788
WADI AL SAFA 2,3,98,200000,3595
WADI AL SAFA 2,4,77,220000,3570
WADI AL SAFA 2,5,23,225750,8848
WADI AL SAFA 2,2,19,140000,2906
WADI AL SAFA 3,Not specified,2936,60000,852
WADI AL SAFA 3,4,350,190000,2015
WADI AL SAFA 3,5,81,400000,5866
WADI AL SAFA 3,3,55,160000,2013
WADI AL SAFA 3,6,37,270000,8799
WADI AL SAFA 4,Not specified,39,65000,811
WADI AL SAFA 4,3,11,200000,3031
WADI AL SAFA 5,Not specified,5989,51600,843
WADI AL SAFA 5,3,1685,150000,1722
WADI AL SAFA 5,4,1046,200000,2690
WADI AL SAFA 5,5,265,305000,6040
WADI AL SAFA 5,2,108,125000,1733
WADI AL SAFA 5,6,20,377500,8629
WADI AL SAFA 6,3,528,240000,3897
WADI AL SAFA 6,2,198,165000,2375
WADI AL SAFA 6,5,137,450000,8353
WADI AL SAFA 6,4,97,400000,7890
WADI AL SAFA 6,6,30,592500,9260
WADI AL SAFA 7,3,789,165000,2099
WADI AL SAFA 7,Not specified,523,61000,768
WADI AL SAFA 7,4,456,259004,4228
WADI AL SAFA 7,2,423,110000,1539
WADI AL SAFA 7,1,233,72000,614
WADI AL SAFA 7,5,77,350000,5165
WADI AL SAFA 7,6,11,500000,8127
WARSAN FOURTH,Not specified,7688,45842,732
ZAABEEL FIRST,Not specified,99,550000,2016
ZAABEEL SECOND,Not specified,798,157212,1152
