"# Dubai apartment gross rental yields by district 2026 - TEX & TEX Real Estate, computed from Dubai Land Department open data, generated 2026-10-05. Free to republish with attribution and a link to https://data.tex.ae"
area,sale_psf,rent_psf,gross_yield_pct,sales,contracts
ZAABEEL FIRST,2954,264,8.92,88,107
MADINAT HIND 4,1156,87,7.55,143,357
WADI AL SAFA 7,1137,83,7.26,52,536
DUBAI INVESTMENT PARK FIRST,1046,69,6.61,1280,3091
AL MERKADH,2076,128,6.16,100,9098
AL KHEERAN,1343,80,5.97,25,585
MUHAISANAH FIRST,1378,81,5.91,34,279
JABAL ALI INDUSTRIAL SECOND,1739,98,5.64,1360,785
HADAEQ SHEIKH MOHAMMED BIN RASHID,2422,136,5.61,808,4254
AL YELAYISS 2,1652,92,5.55,818,3274
WADI AL SAFA 2,1267,70,5.49,28,3851
NAD AL HAMAR,1088,58,5.36,43,2601
UM SUQAIM THIRD,2767,142,5.13,321,589
DUBAI INVESTMENT PARK SECOND,1437,70,4.89,779,2338
AL KHAIRAN FIRST,2628,126,4.79,1941,4698
AL KIFAF,2179,102,4.67,210,503
MADINAT AL MATAAR,1705,79,4.64,11375,5198
JABAL ALI FIRST,1666,77,4.59,2362,19664
ZAABEEL SECOND,3157,144,4.55,666,825
BURJ KHALIFA,2867,130,4.53,1629,7375
BUSINESS BAY,2467,109,4.43,4950,14043
AL JADAF,1888,83,4.37,97,6905
RAS AL KHOR INDUSTRIAL FIRST,2400,104,4.33,215,75
AL BARSHA FIRST,1800,78,4.32,90,10247
MIRDIF,1296,55,4.25,107,4452
NAD AL SHIBA FIRST,2098,88,4.2,95,1666
WADI AL SAFA 4,1887,77,4.06,745,44
AL HEBIAH FIFTH,1832,72,3.94,1774,1852
AL THANYAH FIFTH,2522,99,3.93,788,6821
WADI AL SAFA 3,1763,69,3.89,408,3010
AL WASL,3326,130,3.89,734,1461
AL SATWA,2269,88,3.88,1187,4324
WADI AL SAFA 5,1623,63,3.86,404,6136
AL HEBIAH FIRST,1881,71,3.8,747,1549
PALM JUMEIRAH,3434,121,3.52,760,3178
MARSA DUBAI,4458,106,2.37,342,15116
MADINAT DUBAI ALMELAHEYAH,2964,66,2.21,807,1404
TRADE CENTER FIRST,3687,78,2.11,134,3318
BUKADRA,2900,58,2.0,856,87
TRADE CENTER SECOND,4822,90,1.86,137,1833
JUMEIRAH FIRST,6812,104,1.53,66,1319
JUMEIRAH SECOND,9244,115,1.24,52,113
