"# Dubai districts: registered sales and median prices 2026 - TEX & TEX Real Estate, computed from Dubai Land Department open data, generated 2026-10-08. Free to republish with attribution and a link to https://data.tex.ae"
area,sales,median_psf,median_price,offplan_share,total_value
MADINAT AL MATAAR,12177,1690,909000,0.978,16619398912
JUMEIRAH VILLAGE CIRCLE,7870,1468,1025000,0.574,9419404290
BUSINESS BAY,4997,2463,2250000,0.508,20967266279
DUBAI LAND RESIDENCE COMPLEX,4871,1425,812533,0.907,4596747566
MAJAN,4246,1439,725346,0.838,4046774889
AL YELAYISS 1,3820,1822,2903000,0.908,12927041013
PALM DEIRA,3537,2847,2862828,1.0,12282826031
AL HEBIAH FIFTH,2891,1718,1319000,0.719,5507123146
ARJAN,2630,1582,960000,0.628,2959021575
CITY OF ARABIA,2491,1700,612810,0.987,2227885194
JABAL ALI FIRST,2440,1659,1682000,0.956,4575122475
DUBAI PRODUCTION CITY,2363,1344,968500,0.758,2363512392
JUMEIRAH VILLAGE TRIANGLE,2292,1662,1152593,0.797,3101379141
DUBAI SPORTS CITY,2047,1318,900000,0.619,2124600084
DUBAI INVESTMENT PARK FIRST,1968,1130,948222,0.939,2426535386
AL KHAIRAN FIRST,1959,2626,2957888,1.0,5872989418
AL FURJAN,1740,1413,1250000,0.539,2659825890
DOWN TOWN JABAL ALI,1715,1655,801800,0.945,1821517848
MOTOR CITY,1676,1675,1332984,0.727,2922344550
BUSINESS PARK,1666,3551,1400000,1.0,3254155036
BURJ KHALIFA,1651,2863,3200000,0.247,8366360058
JUMEIRAH LAKES TOWERS,1583,1625,1620000,0.287,3402187596
DUBAI MARINA,1502,1995,2085450,0.073,3861858126
JABAL ALI INDUSTRIAL SECOND,1412,1742,743396,1.0,1378621796
DUBAI SOUTH,1336,1238,1013464,0.577,1450876991
SILICON OASIS,1292,1135,1020000,0.351,1691747869
INTERNATIONAL CITY PH 1,1279,727,486802,0.263,834426855
DUBAI INVESTMENT PARK SECOND,1263,1487,1517000,0.759,3509370264
AL SATWA,1218,2265,1474644,0.914,2104075756
INTERNATIONAL CITY PH 2 & 3,1154,1154,799805,0.701,1610129228
DUBAI SCIENCE PARK,1120,1750,1050500,0.881,1609307475
DAMAC HILLS,1089,1654,1251000,0.548,2204693283
HORIZON,1049,2374,2124767,1.0,3161176737
DUBAI STUDIO CITY,1041,1530,721000,0.745,847491882
MEYDAN ONE,1041,2102,1026170,0.339,1546605664
DUBAI CREEK HARBOUR,1010,2329,2550000,0.11,2838738336
HADAEQ SHEIKH MOHAMMED BIN RASHID,1004,2489,2701888,0.732,6862046941
DUBAI MARITIME CITY,980,3254,2288970,0.983,2411369410
WADI AL SAFA 5,974,1564,3129000,0.733,3573243974
MADINAT HIND 4,961,1056,1620980,0.05,1526920888
DUBAI HILLS,936,2276,2425000,0.17,4372786498
AL YELAYISS 2,927,1608,1569888,0.703,1550497260
BUKADRA,862,2900,2170822,0.995,2225951930
AL YUFRAH 1,850,1484,3100000,0.56,3399008099
SAMA AL JADAF,816,2184,1300094,1.0,1037193906
AL HEBIAH FIRST,814,1842,884999,1.0,1205329630
MADINAT DUBAI ALMELAHEYAH,812,2960,3151815,0.995,3668214101
DISCOVERY GARDENS,800,961,745000,0.0,813056451
WADI AL SAFA 3,794,1848,2490428,0.741,4486573185
AL THANYAH FIFTH,791,2521,2281828,1.0,2249957016
PALM JUMEIRAH,777,3431,5700000,0.344,8357984479
WADI AL SAFA 4,777,1878,1669000,0.99,1818827629
SOBHA HEARTLAND,765,2004,1864995,0.102,2032722701
AL WASL,757,3318,3337000,0.918,3779057879
TECOM SITE A,696,4061,2433950,0.882,2422689251
ZAABEEL SECOND,671,3160,3845000,0.875,2878085414
AL ROWAIYAH FIRST,644,468,2775099,0.188,2200053175
DUBAI INDUSTRIAL CITY,625,1428,599000,0.95,446651285
ME'AISEM SECOND,618,1778,15831888,0.0,11413458837
LIWAN,584,1093,874777,0.394,611260553
DUBAI HEALTHCARE CITY - PHASE 2,533,1933,1501695,0.417,923117094
TOWN SQUARE,495,1323,1200000,0.145,709083436
DMCC-EZ2,431,2900,2532252,0.991,1076581803
NAD AL SHIBA FIRST,428,2201,6325000,0.596,3499597065
SAIH SHUAIB 1,395,2712,6575000,1.0,3155657902
LIVING LEGENDS,392,1288,1011801,0.745,569312750
WARSAN FIRST,362,1366,568228,0.865,298367096
MARSA DUBAI,345,4456,7860000,0.872,3440381331
WADI AL SAFA 7,337,1327,1250000,0.457,769745325
PALM JABAL ALI,331,3504,4365000,1.0,1835896300
UM SUQAIM THIRD,327,2760,3458000,0.746,1294712760
FALCON CITY OF WONDERS,319,1603,1376828,0.944,529777617
JUMEIRAH BEACH RESIDENCE,314,1614,2545000,0.0,1178358412
THE GREENS,306,1811,1937072,0.0,646955971
JADDAF WATERFRONT,296,1890,1717819,0.706,555182856
AL HEBIAH SIXTH,290,1718,3650000,0.303,1114602285
DUBAI HARBOUR,288,3541,4000000,0.278,1500819174
ME'AISEM FIRST,287,1992,12213000,0.052,3745246148
EMIRATE LIVING,263,1659,4350000,0.0,1202907743
AL BARARI,250,2556,3877992,0.496,1533228283
BARSHA HEIGHTS,234,1950,1475000,0.056,540124819
AL KIFAF,223,2191,2763777,0.664,651783436
RAS AL KHOR INDUSTRIAL FIRST,217,2400,1949871,1.0,561404520
AL HEBIAH FOURTH,202,2242,8525000,0.114,2350980143
ARABIAN RANCHES I,192,1381,7200000,0.0,1610709059
EMAAR SOUTH,185,1295,2160000,0.135,416434449
CITY WALK,176,2674,4399955,0.057,884805113
REMRAAM,173,953,845000,0.0,165364486
VILLANOVA,166,1444,3150000,0.0,544682000
DUBAI WATER CANAL,158,3060,4900000,0.481,1822965512
MIRDIF,156,1147,2090753,0.269,504037223
MEYDAN AVENUE,153,1645,1630000,0.065,304499295
SUFOUH GARDENS,152,2437,2770278,0.763,404463457
MIRA,141,1219,3500000,0.0,489843455
TRADE CENTER SECOND,137,4822,14573580,0.861,2187566645
TRADE CENTER FIRST,134,3687,3510000,0.881,663662136
MBR DISTRICT 1,133,1927,1825000,0.0,813905849
AL MERKADH,130,2076,2014260,0.769,754261866
MUDON,119,1420,3500000,0.0,440887967
JUMEIRAH HEIGHTS,118,2493,2212328,0.907,334654132
JABEL ALI HILLS,116,370,3826653,0.0,474357766
AL HEBIAH THIRD,111,2098,3688000,0.0,628035535
JUMEIRAH FIRST,100,3648,10616028,0.38,1740876259
AL JADAF,99,1886,1250000,0.99,238719049
THE FIELD,98,1613,3767500,0.0,372462711
NAD AL SHEBA GARDENS,96,1863,2029047,0.615,635752698
THE LAKES,90,2407,5775000,0.256,560269776
AL BARSHA FIRST,90,1800,2026022,0.767,222900697
ZAABEEL FIRST,89,2948,3704888,0.708,482472146
JUMEIRAH GOLF,89,1672,3500000,0.011,570807105
WADI AL SAFA 2,89,1346,1370000,0.753,335836293
AL KHAIL HEIGHTS,86,946,885000,0.0,106138992
LA MER,82,3009,3600000,0.22,902954590
ARABIAN RANCHES III,79,2070,3200000,0.0,259364163
THE VALLEY,70,1402,2930000,0.0,214784995
THE VILLA,70,988,7000000,0.0,562015388
ARABIAN RANCHES II,68,1411,6057500,0.0,421221894
MBR DISTRICT 7,64,1854,1262500,0.0,111462882
NAD AL HAMAR,64,1031,1445000,0.375,168300922
SERENA,63,1286,3000000,0.0,196867500
TILAL AL GHAF,60,2036,4325000,0.0,338948519
GHADEER AL TAIR,60,2018,14200000,0.0,1035193232
HOR AL ANZ,59,945,2500000,0.0,195262969
BLUEWATERS,58,5144,8950000,0.0,653635684
JUMEIRAH SECOND,56,9003,39935000,0.911,3341097225
MUHAISANAH FIRST,47,1312,2100000,0.0,116390385
AL WARSAN THIRD,46,260,1402000,0.0,68120000
AL RASHIDIYA,39,367,1800000,0.0,79735326
UM SUQAIM FIRST,36,6000,137584631,0.0,4374767195
JUMEIRAH LIVING,34,2665,3000000,0.0,135044922
ABU HAIL,28,638,1600000,0.0,56769710
AL KHEERAN,27,1343,2550000,0.0,79083317
AL WAHEDA,25,433,1600000,0.0,43282400
AL BADA,25,1520,5292000,0.0,170928543
