"# Dubai tenancy contracts expiring within 90 days, by building - TEX & TEX Real Estate, computed from Dubai Land Department open data, generated 2026-10-03. Free to republish with attribution and a link to https://data.tex.ae"
project,area,exp_30,exp_60,exp_90,median_expiring_rent,median_new_let_rent
REMRAAM,AL HEBIAH FIFTH,37,100,176,55000,60000
INTERNATIONAL CITY EMARATI,AL WARSAN FIRST,35,69,142,32000,33500
RITAJ,DUBAI INVESTMENT PARK SECOND,30,54,119,36000,48000
SKY COURTS,WADI AL SAFA 5,24,49,114,51250,50000
LAKESIDE,ME'AISEM FIRST,16,31,72,36000,35000
Petalz By Danube,AL WARSAN FIRST,10,54,68,59000,59000
AC3,AL HEBIAH FIRST,64,64,64,44788,51518
DUNES VILLAGE,DUBAI INVESTMENT PARK SECOND,9,25,57,41140,44250
TERHAB HOTEL & TOWERS AT JUMEIRAH VILLAGE TRIANGLE ,AL BARSHA SOUTH FIFTH,11,19,48,51939,60000
DAMAC HILLS - CARSON ,AL HEBIAH THIRD,13,25,46,44876,42000
AL KHAIL HEIGHTS,AL GOZE FOURTH,4,5,34,30000,38000
SILICON GATE 1,NADD HESSA,8,14,33,44000,50000
MAG 5,MADINAT AL MATAAR,6,13,32,40500,42000
THE CRESCENT,ME'AISEM FIRST,6,15,32,36000,40000
PARK RIDGE,HADAEQ SHEIKH MOHAMMED BIN RASHID,10,19,31,100000,107762
Elan,AL HEBIAH FOURTH,6,13,31,182000,190000
TOWN SQUARE ZAHRA,AL YELAYISS 2,6,14,30,74250,85000
Downtown Views II,ZAABEEL SECOND,11,17,29,165000,146667
BAY CENTRAL WEST & CENTRAL TOWERS,MARSA DUBAI,9,18,29,83402,80000
ARMADA TOWERS,AL THANYAH FIFTH,6,12,29,85000,75000
ELITE 10 SPORTS RESIDENCE,AL HEBIAH FOURTH,3,10,28,49778,50000
MARINA RESIDENCE,PALM JUMEIRAH,6,12,27,191664,200000
PALACIO,NADD HESSA,0,4,26,46316,55950
CLOUD Tower ,AL BARSHA SOUTH FIFTH,0,16,25,78000,65000
Villanova Amaranta ,WADI AL SAFA 5,3,10,25,144375,132000
Bloom Towers,AL BARSHA SOUTH FOURTH,6,16,24,62750,60000
NOOR TOWNHOUSES,AL YELAYISS 2,7,11,23,150000,150000
ELITE RESIDENCE,MARSA DUBAI,2,5,23,118000,85000
HARBOUR VIEWS,AL KHAIRAN FIRST,3,11,22,126786,130000
THE DUBAI CREEK RESIDENCES,AL KHAIRAN FIRST,1,13,22,153903,165000
ARABIAN GATE,NADD HESSA,7,13,22,42000,48000
GLOBAL GOLF RESIDENCE 2,AL HEBIAH FOURTH,7,16,22,59625,52000
LAGO VISTA,ME'AISEM FIRST,2,6,22,40000,40000
PRIVE BY DAMAC,BUSINESS BAY,7,15,22,82716,65000
TOWN SQUARE HAYAT,AL YELAYISS 2,5,8,22,140000,140000
Lawnz Residence by Danube ,AL WARSAN FIRST,5,12,21,41000,42000
Park ville 07,WARSAN FOURTH,2,4,21,45000,40000
PRINCESS TOWER,MARSA DUBAI,4,9,21,100000,90000
AYKON CITY ,BUSINESS BAY,5,8,21,120000,80000
Sobha Hartland Waves,AL MERKADH,3,9,21,82000,80000
MAG 5 BOULEVARD,MADINAT AL MATAAR,4,7,21,48000,55000
Sobha Hartland One Park Avenue ,AL MERKADH,6,11,20,136500,140000
DUBAI DIGITAL CENTER,AL JADAF,0,4,20,68000,58562
HAYAT BOULEVARD,AL YELAYISS 2,8,11,19,60000,78000
AL JAWHARA TOWER ,AL BARSHA SOUTH FIFTH,3,9,19,43000,42000
FAIRMONT PALM RESIDENCE,PALM JUMEIRAH,7,10,19,150000,200000
Farhad Azizi Residence,AL JADAF,6,8,19,62000,52000
ELITE 5 SPORTS RESIDENCE,AL HEBIAH FOURTH,0,6,19,40000,38000
GOLD CREST VIEWS2,AL THANYAH FIFTH,9,12,19,86000,66642
SULAFA TOWER,MARSA DUBAI,4,8,19,75000,75000
CANAL RESIDENCE WEST (PHASE 1),AL HEBIAH FOURTH,3,10,19,55000,60000
Golf Views ,MADINAT AL MATAAR,0,6,19,66801,75000
MIRACLZ TOWER,AL BARSHAA SOUTH THIRD,6,11,18,54186,43000
The Hills,AL THANYAH THIRD,6,9,18,171667,190000
THE V TOWER,WADI AL SAFA 5,7,9,18,55000,58000
SILICON HEIGHTS,NADD HESSA,4,10,18,41921,42750
Binghatti Royale,AL BARSHA SOUTH FOURTH,0,17,18,140000,85000
BURJ VIEWS,BURJ KHALIFA,3,7,18,109500,95500
LAKE VIEW,AL THANYAH FIFTH,5,10,17,72000,60000
Sobha Creek Vistas,AL MERKADH,4,9,17,100000,75000
NEW DUBAI GATE1,AL THANYAH FIFTH,1,6,17,61000,55000
THE SPIRIT,AL HEBIAH FOURTH,3,9,17,40000,37500
PALACE TOWER,NADD HESSA,2,7,17,38000,40000
29 BOULEVARD,BURJ KHALIFA,7,12,17,125000,105000
Azizi Riviera 3,AL MERKADH,5,16,17,55691,51000
IMPERIAL RESIDENCE,AL BARSHA SOUTH FIFTH,6,10,17,75000,70000
TORCH TOWER,MARSA DUBAI,6,14,17,100000,95000
MADISON RESIDENCY,AL THANYAH FIRST,2,3,16,63516,65000
Sobha Hartland - The Crest,AL MERKADH,3,5,16,130000,85000
DAMAC HILLS (2) - AQUILEGIA ,MADINAT HIND 4,2,8,16,85000,87500
ELITE II SPORTS RESIDENCE,AL HEBIAH FOURTH,2,6,16,41000,39000
Resortz Residence,AL BARSHAA SOUTH THIRD,4,8,16,45475,42000
GIOVANNI BOUTIQUE,AL HEBIAH FOURTH,1,4,16,48000,42000
DAMAC HILLS (2) - VARDON ,MADINAT HIND 4,3,5,16,75500,80000
UPSIDE Living,BUSINESS BAY,1,5,16,110500,78000
Palace Residences - Dubai Creek Harbour,AL KHAIRAN FIRST,3,9,16,145000,150000
Emirates Living - Springs 2,AL THANAYAH FOURTH,4,8,16,222500,188000
NASTARAN TOWER,AL JADAF,5,13,16,76750,72000
LAKE TERRACE,AL THANYAH FIFTH,1,5,16,62500,64500
O 2,AL BARSHA SOUTH FOURTH,3,8,15,48000,44876
Binghatti Avenue,AL JADAF,2,7,15,78000,70000
Parkside 3,MADINAT AL MATAAR,3,7,15,105000,100000
Wavez Residence,WADI AL SAFA 2,4,9,15,42000,42000
HAMENI,AL BARSHA SOUTH FOURTH,3,6,15,75000,93000
BLVD HEIGHTS,BURJ KHALIFA,2,7,15,200000,180000
CENTRIUM TOWER,ME'AISEM FIRST,2,6,15,55000,65000
DAMAC HILLS - ARTESIA,AL HEBIAH THIRD,2,10,15,51000,55000
Sobha Creek vistas Reserve,AL MERKADH,6,11,15,75000,70000
LATIFA TOWER,TRADE CENTER FIRST,2,7,15,90000,118000
ARENA APARTMENTS,AL HEBIAH FOURTH,4,7,15,64500,64250
DAMAC HILLS (2) - ALBIZIA ,MADINAT HIND 4,2,8,15,75000,80000
ROYALE RESIDENCE1,AL HEBIAH FOURTH,2,4,15,34001,46200
CREEK RISE ,AL KHAIRAN FIRST,4,6,15,125000,135000
Hera Tower,AL HEBIAH FOURTH,8,10,15,90000,86767
THE DUBAI MALL,BURJ KHALIFA,1,3,15,139286,100000
Arabian Ranches III - JOY,WADI AL SAFA 5,1,9,15,150000,140323
J&G PLEXS,JABAL ALI FIRST,2,10,15,26000,28000
1 Residences ,AL KIFAF,3,10,15,146000,110000
CREEK HORIZON,AL KHAIRAN FIRST,3,8,14,100000,105000
ELITE DOWNTOWN RESIDENCE,BURJ KHALIFA,1,2,14,110000,70000
MAPLE,HADAEQ SHEIKH MOHAMMED BIN RASHID,6,9,14,267689,250000
THE POLO RESIDENCE,NAD AL SHIBA FIRST,5,8,14,107500,85000
GLITZ RESIDENCE 3,AL HEBIAH SECOND,4,9,14,61000,61500
DAMAC HILLS (2) - JANUSIA ,MADINAT HIND 4,0,7,14,92500,105000
Creek Gate,AL KHAIRAN FIRST,3,8,14,151860,125000
Park Gate Residences,AL KIFAF,4,8,14,147500,145000
PARK ISLANDS,MARSA DUBAI,3,7,14,119000,110000
ELITE 6 SPORTS RESIDENCE,AL HEBIAH FOURTH,4,7,14,38000,38000
AL FURJAN,JABAL ALI FIRST,3,7,14,176500,200000
LADY RATAN MANOR,AL WARSAN FIRST,4,6,14,40000,43000
STARZ TOWER by DANUBE,JABAL ALI FIRST,2,5,14,48900,45000
Sobha Hartland Greens - Phase III,AL MERKADH,2,7,14,84000,85000
BADRA PHASE 1,HESSYAN FIRST,4,9,13,45000,52250
Sobha Hartland Waves Grande,AL MERKADH,2,7,13,115000,107500
DAMAC HILLS (2) - ZINNIA ,MADINAT HIND 4,3,5,13,112000,110000
WARSAN VILLAGE - B & C,AL WARSAN FIRST,1,4,13,110534,120000
TIARA RESIDENCE,PALM JUMEIRAH,7,10,13,193000,250000
RAWDA APARTMENTS,AL YELAYISS 2,4,9,13,68000,87000
REEM - MIRA OASIS COMMUNITY,AL YELAYISS 1,3,9,13,155000,155000
GLOBAL LAKE VIEW,AL THANYAH FIFTH,2,6,13,115500,84000
" QASR SABAH I , II ,III ",ME'AISEM FIRST,2,5,13,40000,44000
AXIS RESIDENCES 2,NADD HESSA,2,5,13,50000,50000
THE IVY,AL BARSHA SOUTH FIFTH,6,7,13,79600,81000
AXIS  RESIDENCES 1,NADD HESSA,2,5,13,49000,52000
HANOVER SQUARE,AL BARSHA SOUTH FOURTH,0,3,13,56000,38400
THE WINGS,AL BARSHAA SOUTH THIRD,5,8,13,35000,68000
PRIME RESIDENCY2,AL WARSAN FIRST,1,4,13,43000,45000
ALANDALUS,ME'AISEM FIRST,2,7,13,130000,115000
JUMEIRAH LIVING MARINA GATE ,MARSA DUBAI,3,6,13,166000,150000
SERENA BELLA CASA,WADI AL SAFA 7,1,7,13,120000,150000
ELITE 8 SPORTS RESIDENCE,AL HEBIAH FOURTH,1,4,13,45200,50000
Villanova Amaranta 3,WADI AL SAFA 5,4,8,13,152250,150000
THE MATRIX,AL HEBIAH FOURTH,1,5,12,55000,53731
EAGLE HEIGHTS,AL HEBIAH FOURTH,1,4,12,44000,41944
THE PALM TOWER,PALM JUMEIRAH,2,5,12,260000,122500
Azizi Farishta Residence ,JABAL ALI FIRST,4,7,12,51000,50500
SILICON HEIGHTS2,NADD HESSA,1,5,12,57685,57500
Rukan 3,WADI AL SAFA 7,4,5,12,102500,75000
PARK HEIGHTS II,HADAEQ SHEIKH MOHAMMED BIN RASHID,3,6,12,104167,97500
OCEAN HEIGHTS,MARSA DUBAI,4,7,12,116321,90000
BELLA ROSE,AL BARSHAA SOUTH SECOND,2,4,12,43500,51000
MOSELA,AL THANYAH THIRD,1,4,12,95433,100000
LINCOLN PARK(WEST SIDE & LINCOLN PARK - B),AL BARSHAA SOUTH THIRD,3,5,12,43000,42000
WINDSOR MANOR,BUSINESS BAY,2,5,12,108294,83500
WARSAN VILLAGE A,AL WARSAN FIRST,2,4,12,111903,115000
Greenview,MADINAT AL MATAAR,4,8,12,128570,110000
GOLDEN MILE,PALM JUMEIRAH,4,9,12,167500,170000
FORTE,BURJ KHALIFA,5,7,12,180000,165000
Emirates Living - Springs 11,AL THANAYAH FOURTH,4,7,12,200000,152500
DAMAC HILLS - GOLF PROMENADE,AL HEBIAH THIRD,1,6,12,63262,70000
EQUITI APARTMENTS,WARSAN FOURTH,0,2,12,54999,50500
ELITE SPORTS RESIDENCE,AL HEBIAH FOURTH,5,7,12,39000,48000
ATRIUM GOLD TOWERS,NADD HESSA,3,6,11,53429,70500
DESERT SUN TOWER,WADI AL SAFA 5,6,6,11,38325,40000
SILVERENE,MARSA DUBAI,2,4,11,110000,110000
REEM-MIRA COMMUNITY PH 4,AL YELAYISS 1,5,5,11,162000,165000
TRAFALGAR CENTRAL,AL WARSAN FIRST,1,4,11,45500,45750
CREEKSIDE 18,AL KHAIRAN FIRST,3,4,11,111320,125000
SUBERBIA,JABAL ALI INDUSTRIAL SECOND,0,2,11,50000,52000
BLUE WAVE,WADI AL SAFA 5,4,9,11,48000,43000
The Nook,JABAL ALI FIRST,2,7,11,73264,75000
DAMAC HILLS (2) - MIMOSA ,MADINAT HIND 4,1,4,11,83000,84000
REVA RESIDENCES,BUSINESS BAY,3,6,11,80000,65000
DAMAC HILLS (2) - PACIFICA ,MADINAT HIND 4,2,5,11,100000,101500
DIAMOND VIEWS 4,AL BARSHA SOUTH FOURTH,2,6,11,60000,59000
AMALIA RESIDENCES,JABAL ALI FIRST,0,5,11,85000,88500
SUN POINT DUBAI,ME'AISEM FIRST,3,3,11,63000,63000
INDIGO TOWER,AL THANYAH FIFTH,2,4,11,95000,75000
DAMAC HILLS (2) - VIRIDIS ,MADINAT HIND 4,3,5,11,40000,37881
ORION BUILDING,AL BARSHAA SOUTH THIRD,3,7,11,57000,60500
URBANA,MADINAT AL MATAAR,2,6,11,90000,85000
Collective,HADAEQ SHEIKH MOHAMMED BIN RASHID,2,5,11,105000,80000
VERA TOWER ,BUSINESS BAY,3,3,11,84000,72000
SAFI TOWNHOUSES,AL YELAYISS 2,2,8,11,140000,150000
AXIS RESIDENCES 6,NADD HESSA,1,2,11,50000,50000
Emirates Living - Springs 10,AL THANAYAH FOURTH,5,7,11,150000,197500
VINCITORE PALACIO,AL BARSHAA SOUTH THIRD,0,1,11,62160,46000
MAG218,MARSA DUBAI,3,9,11,116602,78050
CAYAN TOWER,MARSA DUBAI,5,7,11,139000,140000
Harmony,AL HEBIAH FOURTH,1,7,11,485000,480000
LAKESIDE RESIDENCE,AL THANYAH FIFTH,1,2,11,94500,75000
DAMAC HILLS - LORETO,AL HEBIAH THIRD,3,4,11,69300,70000
Bayz Tower,BUSINESS BAY,1,4,11,60000,52000
THE RESIDENCE AT BUSINESS CENTRAL,BUSINESS BAY,3,5,11,92751,75000
ZUMURUD DUBAI MARINA,MARSA DUBAI,4,8,11,75000,65000
BONNINGTON TOWER HOTEL & RESIDENCE DUBAI,AL THANYAH FIFTH,5,9,11,93700,100000
Bluewaters Residences ,MARSA DUBAI,1,5,11,400000,400000
SIGNATURE LIVINGS,AL BARSHA SOUTH FOURTH,1,4,11,54000,50000
The Grand ,AL KHAIRAN FIRST,3,6,10,178240,165000
MUDON,AL HEBIAH SIXTH,2,7,10,235000,235000
LAKE CITY TOWER,AL THANYAH FIFTH,0,2,10,72000,65500
MULBERRY at PARK HEIGHTS,HADAEQ SHEIKH MOHAMMED BIN RASHID,1,3,10,178290,170000
"NO.1, NO.2A, NO.2B, NO.3A AND 3B CITYWALK RESIDENTIAL",AL WASL,4,6,10,287500,210000
BEACH VISTA,MARSA DUBAI,3,5,10,172500,160000
Jewelz Residence,AL BARSHAA SOUTH THIRD,2,3,10,53250,45000
Azizi Riviera 8,AL MERKADH,1,4,10,48000,50000
REEM - MIRA OASIS COMMUNITY PHASE 3,AL YELAYISS 1,4,7,10,145000,155000
"Residences Du Port, Dubai Marina, Autograph Collection Residences",MARSA DUBAI,2,5,10,115197,120323
Azizi Riviera 18,AL MERKADH,3,6,10,60000,47500
SOL BAY ,BUSINESS BAY,1,3,10,79865,85000
CRYSTAL RESIDENCE,AL BARSHA SOUTH FOURTH,3,6,10,62659,57400
HAMZA TOWER,AL HEBIAH FOURTH,2,4,10,47500,54000
Sidra 2,HADAEQ SHEIKH MOHAMMED BIN RASHID,1,2,10,417500,400000
THE COURT,BUSINESS BAY,0,5,10,81075,55000
Vincitore Boulevard,AL BARSHAA SOUTH THIRD,1,4,10,63885,52000
DAMAC HEIGHTS,MARSA DUBAI,4,4,10,136500,139812
GREEN PARK,AL BARSHA SOUTH FIFTH,3,5,10,51300,54000
DOWNTOWN VIEWS,ZAABEEL SECOND,2,6,10,165000,150000
TOWN SQUARE JENNA AND WARDA,AL YELAYISS 2,2,5,10,83442,82000
TOWN SQUARE SAFI,AL YELAYISS 2,2,7,10,63075,80000
TWO TOWERS,AL THANYAH FIRST,0,6,10,97500,127115
GLAMZ RESIDENCE,JABAL ALI FIRST,4,7,10,47500,45000
The Pulse Villas,MADINAT AL MATAAR,0,3,10,125500,134626
ALSHERA TOWER,AL THANYAH FIFTH,4,4,10,104582,135535
Emirates Living - Springs 3,AL THANAYAH FOURTH,2,6,10,197500,200000
URBAN OASIS,BUSINESS BAY,2,5,10,124500,104250
URBANA III,MADINAT AL MATAAR,1,5,10,81549,80000
ELITE BUSINESS BAY RESIDENCE,BUSINESS BAY,3,9,10,60000,52000
WARSAN VILLAGE - D,AL WARSAN FIRST,1,4,10,112500,119000
DIAMOND VIEWS 3,AL BARSHA SOUTH FOURTH,0,5,10,54000,53000
MANHATTAN,AL BARSHA SOUTH FOURTH,1,3,10,56500,55000
Binghatti Phoenix,AL BARSHA SOUTH FOURTH,0,2,10,86000,80000
MIRDIF HILLS- JANAYEN AVENUE ,MIRDIF,1,5,10,86550,110000
OASIS HIGH PARK,NADD HESSA,2,5,9,58000,43000
AG TOWER,BUSINESS BAY,5,7,9,65000,65000
AJMAL SARAH,WADI AL SAFA 5,4,5,9,33000,48000
AXIS RESIDENCES 3,NADD HESSA,1,3,9,48000,50000
Azizi Aliyah Residences,AL JADAF,3,4,9,72000,52000
Binghatti Lavender ,AL BARSHA SOUTH FOURTH,0,2,9,70000,70000
CLAREN 1,BURJ KHALIFA,4,5,9,102000,95000
CREEK EDGE,AL KHAIRAN FIRST,2,4,9,105000,107000
Collective 2.0,HADAEQ SHEIKH MOHAMMED BIN RASHID,2,7,9,110000,85000
DD BOULEVARD CENTRAL,BURJ KHALIFA,1,7,9,100000,97500
DUBAI ARCH TOWER,AL THANYAH FIFTH,2,5,9,85000,60000
ELITE 9 SPORTS RESIDENCE,AL HEBIAH FOURTH,2,3,9,50400,51000
ELZ Residence,AL BARSHAA SOUTH THIRD,0,3,9,40500,42000
EMIRATES GARDEN 2 (MAPLE- MAGNOLA - MULBERRY),AL BARSHA SOUTH FOURTH,2,2,9,51975,49000
Harbour Gate ,AL KHAIRAN FIRST,2,2,9,156000,120000
Joya Blanca Residences ,AL BARSHAA SOUTH THIRD,1,1,9,60900,49366
KNIGHT BRIDGE COURT & KENSNGTON MANOR,AL BARSHA SOUTH FOURTH,3,4,9,49866,42000
LAKE SHORE TOWER,AL THANYAH FIFTH,4,5,9,125000,80000
MADA'IN,MARSA DUBAI,4,4,9,130000,130000
MAPLE 2 ,HADAEQ SHEIKH MOHAMMED BIN RASHID,1,3,9,270000,240000
MAY RESIDENCE,AL BARSHA SOUTH FOURTH,1,2,9,43000,53143
MOHAMMAD AQIL ALI & AHMAD ALI ALZAROONI,MARSA DUBAI,0,2,9,77000,89000
NEW DUBAI GATE2,AL THANYAH FIFTH,1,3,9,70000,70000
PLATINUM RESIDENCE,AL BARSHA SOUTH FOURTH,2,6,9,41000,42000
Parkside 2,MADINAT AL MATAAR,4,6,9,105000,105000
Peninsula One,BUSINESS BAY,0,3,9,130000,115000
QPOINT LIWAN-PLOT R008 A&B,WADI AL SAFA 2,2,8,9,41526,48000
REEM-MIRA COMMUNITY PH 2,AL YELAYISS 1,2,4,9,165000,180000
REEM-MIRA COMMUNITY PH 3,AL YELAYISS 1,2,3,9,150000,165000
SABA TOWER 2,AL THANYAH FIFTH,3,8,9,84000,77000
SLS DUBAI,BUSINESS BAY,2,3,9,148857,132000
SOL AVENUE,BUSINESS BAY,5,5,9,87318,95000
SONDOS IVORY,WADI AL SAFA 5,1,6,9,58000,64000
SONDOS LILAC,WADI AL SAFA 5,0,2,9,48000,48000
SPARK,SAIH SHUAIB 2,1,5,9,90000,100000
SPARKLE TOWERS,MARSA DUBAI,1,5,9,138000,85000
Serena - Casa Viva ,WADI AL SAFA 7,2,4,9,138600,160000
Serena Casa Dora,WADI AL SAFA 7,0,5,9,135000,145000
THE PULSE TOWNHOUSES,MADINAT AL MATAAR,3,5,9,115000,111000
TOPAZ RESIDENCES 1,NADD HESSA,1,4,9,56000,59000
TUSCAN RESIDENCES1 - AREZZO,AL BARSHA SOUTH FOURTH,3,7,9,45000,50000
TUSCAN RESIDENCES1 - SIENA,AL BARSHA SOUTH FOURTH,2,3,9,54600,50000
UPPER CREST,BURJ KHALIFA,0,5,9,100000,85000
V3,AL THANYAH FIFTH,1,3,9,106050,82000
WILTON PARK RESIDENCES ,AL MERKADH,1,6,9,100000,95000
Zhoug guo jia,AL WARSAN FIRST,1,4,9,75000,87000
The Cove,AL KHAIRAN FIRST,4,7,8,131860,152500
ELITE 3 SPORTS RESIDENCE,AL HEBIAH FOURTH,3,4,8,38953,40000
The Lakes Zulal,AL THANYAH THIRD,4,6,8,235500,300000
Emirates Living - Springs 15,AL THANAYAH FOURTH,3,4,8,190000,200000
DAMAC HILLS (2) - CLARET,MADINAT HIND 4,0,3,8,132500,129006
ESCAN MARINA TOWER,MARSA DUBAI,1,2,8,55000,65000
BOTANICA,MARSA DUBAI,1,4,8,94000,80000
TORINO BY ORO24,AL BARSHAA SOUTH THIRD,0,1,8,58000,62500
DD STAND POINT,BURJ KHALIFA,2,5,8,108500,100000
Emirates Living - Springs 7,AL THANAYAH FOURTH,1,2,8,144000,230000
GRAND VIEWS,NAD AL SHIBA FIRST,1,4,8,310633,300000
THE SIGNATURE,BURJ KHALIFA,3,4,8,107000,83500
"THE ROYAL ATLANTIS,RESORT AND RESIDENCES",PALM JUMEIRAH,0,1,8,1200000,1226923
THE RESIDENCES AT MARINA GATE 2,MARSA DUBAI,1,2,8,175000,145000
THE RESIDENCES AT MARINA GATE 1,MARSA DUBAI,0,4,8,208185,155000
DAMAC HILLS (2) - AMARGO ,MADINAT HIND 4,2,3,8,72500,82000
Grand Bleu Tower interiors by Elie Saab,MARSA DUBAI,1,3,8,272500,200000
Al Haseen Residence,SAIH SHUAIB 2,2,3,8,42938,50000
Arabella 3,AL HEBIAH SIXTH,1,5,8,166500,160000
Arabian Ranches lll - Ruba,WADI AL SAFA 5,2,4,8,165000,165000
Sidra 3,HADAEQ SHEIKH MOHAMMED BIN RASHID,1,2,8,417500,425000
HILIANA,AL SAFOUH FIRST,2,5,8,66000,92308
SOBHA HARTLAND GREENS- PHASE I,AL MERKADH,1,3,8,94000,92500
Azizi Riviera 17,AL MERKADH,4,6,8,53497,50000
SCALA TOWER,BUSINESS BAY,0,2,8,71090,70000
Azizi Riviera 23,AL MERKADH,2,5,8,53750,50000
RUFI GARDENS,AL WARSAN FIRST,3,5,8,41050,44000
CONCORDE TOWER,AL THANYAH FIFTH,2,2,8,74250,69000
CHURCHILL TOWER,BUSINESS BAY,3,3,8,111014,92373
Port de La Mer - La Cote,JUMEIRAH FIRST,2,3,8,167765,147500
Port De La Mer - La Sirene,JUMEIRAH FIRST,1,2,8,119000,125000
Azizi Riviera 44,AL MERKADH,5,5,8,49825,45500
Paradise View 1,WADI AL SAFA 3,0,4,8,58306,39000
PRIME RESIDENCY1,AL WARSAN FIRST,3,4,8,44000,45000
PLAZA RESIDENCES,AL BARSHA SOUTH FOURTH,0,1,8,69374,65000
Azizi Samia Residence,JABAL ALI FIRST,0,3,8,50000,46000
Opalz By Danube,AL BARSHAA SOUTH SECOND,1,2,8,71000,60000
Emirates Living - Springs 9,AL THANAYAH FOURTH,1,3,8,185295,190000
Jumeirah Luxury,ME'AISEM FIRST,2,6,8,415000,412500
OASIS TOWER ONE,AL HEBIAH FOURTH,0,0,8,45750,52000
FAHAD 2,AL THANYAH FIRST,4,5,8,120000,112500
OAKLEY SQUARE RESIDENCES,AL BARSHA SOUTH FOURTH,1,3,8,90000,85000
LA VISITA 02,NADD HESSA,1,1,8,53500,53000
NO 9,MARSA DUBAI,4,7,8,157500,100000
BERMUDA VIEWS,AL HEBIAH FOURTH,3,5,8,52310,55000
LAGUNA TOWER,AL THANYAH FIFTH,1,3,8,104848,90000
VIDA Residences Dubai Marina,MARSA DUBAI,2,3,8,279332,182500
Burj Royale,BURJ KHALIFA,2,4,8,150875,146500
MARINA VISTA,MARSA DUBAI,3,7,8,197500,125000
LAYA HEIGHTS,AL HEBIAH SECOND,2,5,8,55000,65000
Dune Residency Dubai,AL BARSHA SOUTH FOURTH,5,5,8,58000,56246
LE PRESIDIUM,NADD HESSA,1,4,8,55918,64500
MAJESTINE,BUSINESS BAY,4,6,8,85040,58125
DAMAC HILLS (2) - PRIMROSE,MADINAT HIND 4,1,4,8,112000,110000
La-Riviera Apartments,AL BARSHA SOUTH FOURTH,2,4,8,62500,61500
Emirates Living - Springs 14,AL THANAYAH FOURTH,0,2,8,177500,200000
The Pulse Residence Park,MADINAT AL MATAAR,1,1,8,43000,52000
The Pulse Residence,MADINAT AL MATAAR,5,6,8,68050,57500
MBL RESIDENCE,AL THANYAH FIFTH,2,3,7,110000,95000
BALQIS RESIDENCE,PALM JUMEIRAH,1,1,7,264000,260000
Parkside,MADINAT AL MATAAR,1,1,7,110000,97750
STALLION TOWER,AL BARSHA SOUTH FOURTH,1,3,7,132000,85000
5242,MARSA DUBAI,2,3,7,195000,155000
SOLITAIRE CASCADES,WADI AL SAFA 5,1,4,7,55000,62000
Binghatti Creek,AL JADAF,2,3,7,80000,70000
MADISON RESIDENCE (ATLANTIC),WADI AL SAFA 3,1,1,7,57000,68500
NORTH BAY,BUSINESS BAY,0,2,7,108150,120000
Laya Residences,AL BARSHA SOUTH FOURTH,1,2,7,74000,70000
 DAMAC HILLS (2)  - SANCTNARY,MADINAT HIND 4,2,3,7,100000,105000
LA FONTANA DI TREVI,AL BARSHAA SOUTH THIRD,1,2,7,69300,65500
FORTUNATO,AL BARSHA SOUTH FOURTH,1,4,7,65000,68500
FRANKFURT SPORTS TOWER I,AL HEBIAH FOURTH,1,2,7,45238,42000
DUBAI STAR,AL THANYAH FIFTH,2,3,7,75000,75000
Fawad Azizi Residence,AL JADAF,2,5,7,80000,68000
SIDRA,HADAEQ SHEIKH MOHAMMED BIN RASHID,0,3,7,469666,469833
SEASONS COMMUNITY- AUTUMN,AL BARSHA SOUTH FOURTH,3,4,7,50000,50000
Easy18,WARSAN FOURTH,0,4,7,30800,36500
OAKWOOD RESIDENCY,ME'AISEM FIRST,2,3,7,55000,54500
ARABELLA 2 - TOWNHOUSES AT MUDON,AL HEBIAH SIXTH,3,4,7,185000,190000
BEACH ISLE,MARSA DUBAI,3,3,7,202174,160000
CORAL RESIDENCE,NADD HESSA,3,4,7,52000,58000
Rigel,AL BARSHA SOUTH FOURTH,1,4,7,73500,70000
Azizi Shaista Residence,JABAL ALI FIRST,1,3,7,50000,48000
ROYALE RESIDENCE2,AL HEBIAH FOURTH,0,3,7,45100,47625
NO.9 & NO.10 CITYWALK RESIDENTIAL,AL WASL,0,3,7,170000,215000
ROXANA RESIDENCE ,AL BARSHA SOUTH FOURTH,1,3,7,63000,58500
DAMAC HILLS (2) - ASTER ,MADINAT HIND 4,3,4,7,120000,110000
WILTON TERRACES,AL MERKADH,4,4,7,100000,90000
GOLF TOWER,AL HEBIAH FOURTH,5,5,7,67000,88000
THE SQUARE ,AL BARSHA SOUTH FOURTH,2,5,7,55128,45000
Emirates Living - Springs 8,AL THANAYAH FOURTH,2,4,7,210000,190000
REGINA,AL BARSHA SOUTH FOURTH,5,7,7,54956,43000
REEM-MIRA COMMUNITY PH 1,AL YELAYISS 1,1,3,7,155000,170000
DAMAC HILLS (2) - AMAZONIA,MADINAT HIND 4,2,4,7,93712,110000
REEM - MIRA OASIS COMMUNITY PHASE 2,AL YELAYISS 1,3,4,7,160001,155000
QPOINT LIWAN-PLOTR001,WADI AL SAFA 2,1,2,7,47000,93500
17 ICON BAY,AL KHAIRAN FIRST,2,4,7,108000,115000
QPOINT LIWAN-PLOT R020,WADI AL SAFA 2,0,5,7,42000,45000
Golf ville,HADAEQ SHEIKH MOHAMMED BIN RASHID,1,3,7,85000,90000
QPOINT LIWAN-PLOT R009,WADI AL SAFA 2,1,2,7,48000,60000
"MOHAMMED BIN RASHID AL MAKTOUM CITY- DISTRICT ONE, PHASE 1",AL MERKADH,2,3,7,1000000,937500
THE ADDRESS - THE BLVD,BURJ KHALIFA,1,4,7,245000,190000
BAY SQUARE,BUSINESS BAY,2,4,7,110000,80000
TENORA,MADINAT AL MATAAR,2,3,7,54000,56000
LIVING LEGENDS PHASE 7,WADI AL SAFA 3,1,3,6,43000,54000
DAMAC HILLS - GOLF HORIZON ,AL HEBIAH THIRD,1,2,6,69000,75000
Emirates Living - Springs 4,AL THANAYAH FOURTH,1,3,6,178500,210000
DAMAC HILLS (2) - JUNIPER,MADINAT HIND 4,1,2,6,120000,120000
GLITZ RESIDENCE 2,AL HEBIAH SECOND,1,2,6,57720,61500
DAMAC HILLS (2) - CENTAURY ,MADINAT HIND 4,1,2,6,97000,100000
GOLD CREST EXECUTIVE,AL THANYAH FIFTH,2,2,6,64500,60000
DAMAC HILLS (2) - AVENCIA-2 ,MADINAT HIND 4,2,5,6,81000,85000
INDIGO SPECTRUM 2,AL WARSAN FIRST,1,3,6,47500,53000
Jumeirah Gate,MARSA DUBAI,3,5,6,205000,170000
LA RIVIERA ESTATE,AL BARSHA SOUTH FOURTH,1,2,6,56000,63000
Binghatti Onyx,AL BARSHA SOUTH FOURTH,1,3,6,79500,74101
LE GRAND CHATEAU,AL BARSHA SOUTH FOURTH,3,3,6,60000,64000
Binghatti Heights,AL BARSHA SOUTH FOURTH,2,4,6,74500,70000
La Rosa 3,WADI AL SAFA 5,2,4,6,156125,167500
Laya Mansion,AL BARSHA SOUTH FOURTH,3,4,6,57230,45000
Binghatti Canal,BUSINESS BAY,2,4,6,107500,95000
BURJ AL NUJOOM,BURJ KHALIFA,1,3,6,63800,55500
MIRDIF HILLS- NASAYEM AVENUE,MIRDIF,1,2,6,112500,105000
MUDON PHASE 3 _  NEIGHBOURHOOD I- ARABELLA,AL HEBIAH SIXTH,2,5,6,201000,180000
MURANO RESIDENCE 1,JABAL ALI FIRST,1,1,6,54500,60000
Maple III,HADAEQ SHEIKH MOHAMMED BIN RASHID,1,3,6,245967,250000
Millennium Binghatti Residences Business Bay ,BUSINESS BAY,2,5,6,94948,74000
PALLADIUM,AL THANYAH FIFTH,0,2,6,119832,100000
Azizi Riviera 6,AL MERKADH,2,4,6,58000,54500
PG UPPERHOUSE,JABAL ALI FIRST,2,5,6,79500,75000
Azizi Riviera 48,AL MERKADH,2,5,6,55000,45000
Palace Residences - North,AL KHAIRAN FIRST,1,2,6,165000,140000
AL HELAL AL ZAHABY  2,WARSAN FOURTH,0,2,6,41780,45000
Prime Residency 3,JABAL ALI FIRST,3,4,6,61100,45000
QPOINT LIWAN - PLOT R002,WADI AL SAFA 2,0,0,6,53500,48000
QPOINT LIWAN-PLOT R050,WADI AL SAFA 2,0,2,6,39050,47000
QPOINT LIWAN-PLOT R052,WADI AL SAFA 2,3,3,6,54250,56500
Azizi Riviera 40,AL MERKADH,0,2,6,50150,70000
Villanova Amaranta B,WADI AL SAFA 5,1,4,6,147658,140000
Azizi Riviera 33,AL MERKADH,0,2,6,57500,45000
ROYAL AMWAJ,PALM JUMEIRAH,1,2,6,175000,150000
RUKAN,WADI AL SAFA 7,3,4,6,42000,47000
Azizi Riviera 27,AL MERKADH,3,4,6,50000,46000
Azizi Riviera 19,AL MERKADH,4,4,6,46750,51385
SEVENTH HEAVEN,WADI AL SAFA 3,3,3,6,360000,314000
ACACIA AT PARK HEIGHTS,HADAEQ SHEIKH MOHAMMED BIN RASHID,2,4,6,145000,165000
STADIUM POINT,AL HEBIAH FOURTH,0,1,6,60000,56000
STELLA MARIS,MARSA DUBAI,0,1,6,273419,180000
SUNRISE BAY,MARSA DUBAI,1,2,6,137500,145000
Seven Hotel and Apartments The Palm,PALM JUMEIRAH,0,1,6,135625,95000
Asayel at Madinat Jumeirah Living,UM SUQAIM THIRD,0,1,6,132500,125000
AXIS SILVER,NADD HESSA,2,4,6,47648,60000
AXIS RESIDENCES 20,NADD HESSA,0,1,6,49350,74200
ELITE 4 SPORTS RESIDENCE,AL HEBIAH FOURTH,1,2,6,44500,40500
DEZIRE RESIDENCES,AL BARSHA SOUTH FOURTH,0,4,6,56873,57500
DAMAC HILLS- PELHAM ,AL HEBIAH THIRD,1,2,6,262500,192000
ALDUAA MARINA TOWER,MARSA DUBAI,2,3,6,193190,165000
EMIRATES GARDEN I - GARDENIA,AL BARSHA SOUTH FOURTH,1,5,6,48600,45000
Emirates Hills,AL THANAYAH FOURTH,0,2,6,1740000,2600000
Emirates Living - Springs 12,AL THANAYAH FOURTH,2,5,6,118378,190000
MAYFAIR RESIDENCY,BUSINESS BAY,2,3,5,75000,65000
ARAS Residence,WADI AL SAFA 3,2,2,5,60000,44000
DUBAI WATER FRONT VENETO,HESSYAN FIRST,2,3,5,160650,201000
Arabian Ranches III - Spring,WADI AL SAFA 5,1,4,5,150000,140000
MIRDIF HILLS- AL MULTAQA AVENUE,MIRDIF,1,4,5,80000,70000
Burj Crown,BURJ KHALIFA,3,3,5,126500,130000
JUMEIRAH PARK - PACKAGE 5A,AL THANYAH FIFTH,1,3,5,340000,325000
DAMAC HILLS (2) - VICTORIA ,MADINAT HIND 4,1,3,5,84000,80000
Azizi Riviera 39,AL MERKADH,2,4,5,75000,65500
THE ONE JBR,MARSA DUBAI,1,3,5,635000,328177
BINGHATTI STARS,NADD HESSA,1,2,5,48000,48000
Park Field,HADAEQ SHEIKH MOHAMMED BIN RASHID,1,3,5,150000,135000
Madinat Jumeriah Living - Phase 2 ,UM SUQAIM THIRD,0,0,5,150000,118862
CLAYTON RESIDENCY,BUSINESS BAY,0,3,5,67560,70000
ONTARIO TOWER,BUSINESS BAY,2,3,5,85000,65000
K1,WADI AL SAFA 5,1,4,5,41000,37000
Azizi Riviera 36,AL MERKADH,1,3,5,72000,64652
GLOBAL GREEN VIEW II,AL WARSAN FIRST,2,2,5,52000,47000
Azizi Riviera 35,AL MERKADH,0,2,5,55000,50000
The Eugene Townhouses,WADI AL SAFA 3,0,2,5,155000,
Pearl House I by Imtiaz,AL BARSHA SOUTH FOURTH,0,2,5,72000,71500
AR II Camelia,WADI AL SAFA 7,2,4,5,203962,174300
U-BORA TOWERS,BUSINESS BAY,2,2,5,90000,85000
THE BRIDGE,AL HEBIAH FOURTH,0,2,5,51450,52000
AXIS RESIDENCES 5,NADD HESSA,2,2,5,50000,48000
THE COSMOPOLITAN,BUSINESS BAY,1,2,5,80000,58000
Creek Palace,AL KHAIRAN FIRST,1,3,5,125000,127000
Mudon-Phase 2,AL HEBIAH SIXTH,1,3,5,240000,300000
OXFORD BOULEVARD,AL BARSHA SOUTH FOURTH,3,4,5,70000,56500
The Pulse Boulevard Apartments,MADINAT AL MATAAR,1,2,5,65000,78375
GRANDEUR RESIDENCES,PALM JUMEIRAH,1,3,5,200000,160000
Al Fouad,JABAL ALI FIRST,1,2,5,51400,63500
URBANA II,MADINAT AL MATAAR,0,1,5,87000,82900
CONDOR CLASSIC,AL BARSHA SOUTH FOURTH,2,2,5,55000,60000
AL SEEF II,AL THANYAH FIFTH,1,2,5,132000,160000
QPOINT LIWAN-PLOT R047,WADI AL SAFA 2,3,4,5,55000,51366
BAHWAN TOWER ,BURJ KHALIFA,2,4,5,165000,132370
CENTURION RESIDENCE,DUBAI INVESTMENT PARK SECOND,1,2,5,60000,70000
SAHARA MEADOWS1,SAIH SHUAIB 2,2,3,5,75000,80000
Divine Living,AL BARSHAA SOUTH THIRD,3,3,5,82000,100000
PANORAMA,AL THANYAH THIRD,1,1,5,220500,200000
DAMAC HILLS - GOLF VEDUTA ,AL HEBIAH THIRD,1,3,5,50000,70000
GOLF VIEW RESIDENCE,AL HEBIAH FOURTH,2,2,5,60000,79778
QPOINT LIWAN-PLOT R055,WADI AL SAFA 2,1,3,5,50000,50000
Hadley Heights,AL BARSHA SOUTH FOURTH,0,2,5,91200,75000
THE DIAMOND,AL HEBIAH FOURTH,0,1,5,48000,53500
THE SUSTAINABLE CITY,WADI AL SAFA 7,1,5,5,217350,285000
Jadeel -Madinat Jumeirah Living ,UM SUQAIM THIRD,2,2,5,165000,120000
La Rosa 4,WADI AL SAFA 5,0,2,5,160000,165000
Arabian Ranches III - SUN,WADI AL SAFA 5,0,1,5,152500,140000
Azizi Riviera 9,AL MERKADH,1,3,5,52000,44000
La Rosa 6 ,WADI AL SAFA 5,4,4,5,170000,167500
BELGRAVIA HEIGHTS I,AL BARSHA SOUTH FOURTH,1,3,5,80000,75000
HUB CANAL 2 TOWER,AL HEBIAH FOURTH,1,3,5,60858,62649
HUB CANAL 1 TOWER,AL HEBIAH FOURTH,3,4,5,48000,55500
CHAMPIONS TOWER1,AL HEBIAH FOURTH,1,3,5,52800,42500
SILICON GATE2,NADD HESSA,0,3,5,42000,42000
AL HELAL AL ZAHABY BUILDING,WARSAN FOURTH,0,3,5,35000,38000
Azizi Riviera 14,AL MERKADH,3,4,5,70000,52000
LIV RESIDENCE,MARSA DUBAI,4,5,5,140000,125000
SIROYA GARDENS,AL BARSHA SOUTH FOURTH,0,3,5,66000,52500
THE FIELDS AT D11 - MBRMC,WADI AL SAFA 3,1,2,5,185000,165000
Marwa Heights,AL BARSHA SOUTH FOURTH,0,0,5,50000,82000
THE VORTEX TOWER,NADD HESSA,0,0,5,37353,63000
LIV MARINA,MARSA DUBAI,0,0,5,160000,150000
BANYAN TREE RESIDENCES HILLSIDE DUBAI,AL THANYAH FIFTH,1,3,5,131250,152500
CELIA RESIDENCE,AL HEBIAH SECOND,2,4,5,46000,48000
OIA Residence,AL HEBIAH FIRST,2,4,5,90000,132500
AVENUE RESIDENCE 4,JABAL ALI FIRST,0,1,5,87001,86000
BINGHATTI APARTMENTS,NADD HESSA,2,3,5,40000,60000
LINCOLN PARK (SHEFFIELD),AL BARSHAA SOUTH THIRD,1,2,5,46000,44000
