"# Dubai buildings by registered sales 2026 - TEX & TEX Real Estate, computed from Dubai Land Department open data, generated 2026-10-02. Free to republish with attribution and a link to https://data.tex.ae"
project,area,sales,median_psf,median_price,offplan_share
AZIZI VENICE 14,MADINAT AL MATAAR,1951,1652,650000,1.0
DAMAC LAGOONS - VALENCIA,AL HEBIAH FIFTH,1274,1840,785000,1.0
Maybach Six,BUSINESS PARK,1052,3578,1398000,1.0
Azizi Venice 6,MADINAT AL MATAAR,957,2043,745000,1.0
Binghatti Skyflame 1,MAJAN,772,1378,570000,1.0
Azizi Venice 15,MADINAT AL MATAAR,759,1714,711000,1.0
Azizi Milan Heights ,CITY OF ARABIA,734,1755,607930,1.0
Creek Bay,AL KHAIRAN FIRST,687,2736,3302888,1.0
AZIZI VENICE 7,MADINAT AL MATAAR,648,1859,685500,1.0
Binghatti Skyterraces,AL HEBIAH FIRST,644,1843,861999,1.0
azizi venice 13 ,MADINAT AL MATAAR,634,1682,655000,1.0
Binghatti Vintage,MAJAN,628,1850,698999,1.0
ELTIERA VIEWS ,AL THANYAH FIFTH,627,2499,2237828,1.0
Hado By Beyond,PALM DEIRA,623,3156,3035000,1.0
Sobha Central ,JABAL ALI FIRST,612,3240,2093642,1.0
azizi venice 12,MADINAT AL MATAAR,609,1685,730050,1.0
Serenz by Danube,JUMEIRAH VILLAGE CIRCLE,561,2252,1193190,1.0
RAW DISTRICT BY IMTIAZ R,JABAL ALI INDUSTRIAL SECOND,556,1761,761951,1.0
Shahrukhz by Danube,TECOM SITE A,546,4128,2313890,1.0
SIERRA BY IMAN,MOTOR CITY,508,1680,1312233,1.0
Binghatti Cullinan,SAMA AL JADAF,506,2200,1452499,1.0
THE MERIVA COLLECTION,PALM DEIRA,488,3448,4038328,1.0
Terra Woods,MADINAT AL MATAAR,479,2191,1722888,1.0
Skyvue,BUKADRA,478,2995,2215992,1.0
RAW DISTRICT BY IMTIAZ CR,DOWN TOWN JABAL ALI,471,1800,1171889,1.0
DAMAC ISLANDS 2 - BAHAMAS 2,AL YELAYISS 1,467,1822,2824000,1.0
Creek Haven,AL KHAIRAN FIRST,464,2683,1982388,1.0
Samana Boulevard Heights,DUBAI LAND RESIDENCE COMPLEX,444,1599,803372,1.0
DAMAC DISTRICT,DAMAC HILLS,442,1820,1248695,1.0
DAMAC ISLANDS 2 - CUBA,AL YELAYISS 1,441,1772,2825000,1.0
AZIZI VENICE 10,MADINAT AL MATAAR,435,1721,655000,1.0
AZIZI VENICE 11,MADINAT AL MATAAR,427,1676,669240,1.0
DAMAC ISLANDS 2 - BAHAMAS 1,AL YELAYISS 1,420,1822,2982000,0.96
Binghatti Skyflame 2,MAJAN,413,1399,575000,1.0
Breez by Danube,DUBAI MARITIME CITY,411,3490,1716650,1.0
DAMAC LAGOONS - LAGOON VIEWS 13,AL HEBIAH FIFTH,404,1807,815880,1.0
DAMAC ISLANDS 2 - BERMUDA,AL YELAYISS 1,402,1822,2903000,0.988
WINDSOR HOUSE II,MADINAT AL MATAAR,400,1543,1655828,1.0
LUNAYA,SAIH SHUAIB 1,395,2712,6575000,1.0
Arian By Azizi ,DOWN TOWN JABAL ALI,383,1641,627000,1.0
WINDSOR HOUSE ,MADINAT AL MATAAR,382,1459,1552828,1.0
DAMAC ISLANDS 2 - TAHITI 2,AL YELAYISS 1,378,1808,2903000,1.0
DAMAC ISLANDS 2 - MAUI,AL YELAYISS 1,348,1872,2906500,1.0
Valia,AL KHAIRAN FIRST,332,2600,2275888,1.0
BEACH OASIS 2,DUBAI STUDIO CITY,325,1554,563000,1.0
AZIZI VENICE 9 ,MADINAT AL MATAAR,323,1887,700340,1.0
Azizi Milan 30,CITY OF ARABIA,319,1671,589000,1.0
DAMAC ISLANDS 2 - BARBADOS 1,AL YELAYISS 1,317,1822,2903000,1.0
Azizi Milan 20,CITY OF ARABIA,315,1608,580000,1.0
RAW DISTRICT 2 BY IMTIAZ,JABAL ALI INDUSTRIAL SECOND,315,1820,1208177,1.0
Vista by Vision,DUBAI PRODUCTION CITY,309,1249,1093500,1.0
Kanyon By Beyond,MADINAT DUBAI ALMELAHEYAH,308,2881,2724500,1.0
THE EDIT at d3,ZAABEEL SECOND,307,3307,4238000,1.0
Le Blanc Residence by Imtiaz,DUBAI LAND RESIDENCE COMPLEX,295,1652,816602,1.0
Boulevard Park 2,JABAL ALI FIRST,292,1698,1997500,1.0
Greenfield by Samana Developers,INTERNATIONAL CITY PH 2 & 3,286,1412,921650,1.0
Samana Barari Heights,MAJAN,282,1846,824394,1.0
ELLINGTON SANDS I,PALM DEIRA,279,2764,3172828,1.0
Binghatti Titania,MAJAN,277,1613,695999,1.0
Azizi Venice 16,MADINAT AL MATAAR,276,1898,751840,1.0
DAMAC ISLANDS 2 - BARBADOS 2 ,AL YELAYISS 1,271,1822,2903000,1.0
Mareva 2 The Oasis,ME'AISEM SECOND,270,1817,15855388,0.0
IMTIAZ SYMPHONY TOWER,HORIZON,266,2503,2112471,1.0
Reportage Hills,AL HEBIAH FIFTH,266,1436,1797000,1.0
Mareva The Oasis,ME'AISEM SECOND,255,1772,15588888,0.0
DAMAC ISLANDS 2 - TAHITI 1,AL YELAYISS 1,253,1822,3330240,1.0
DISTRIKT,WADI AL SAFA 4,252,1985,1884000,1.0
Samana Imperial Garden,ARJAN,251,1871,967000,1.0
INTERSTELLAR TOWER,JUMEIRAH VILLAGE TRIANGLE,246,1724,1289500,1.0
Binghatti Apex,JUMEIRAH VILLAGE CIRCLE,245,1493,1000000,0.212
Maybach Ultimate Luxury ,BUSINESS PARK,242,3736,1379500,1.0
Arancia Yards By Beyond,CITY OF ARABIA,242,1723,1305000,1.0
AZIZI VENICE 8,MADINAT AL MATAAR,241,1709,644000,1.0
Skyhills Astra by HRE ,DUBAI SCIENCE PARK,239,1925,1500153,1.0
Golf Vale,MADINAT AL MATAAR,237,1662,1559888,1.0
HQ by ROVE,BUSINESS BAY,232,4697,3208662,1.0
ELLINGTON SANDS II,PALM DEIRA,231,2823,3255828,1.0
Verdana Residence 4 ,DUBAI INVESTMENT PARK FIRST,228,902,648225,1.0
DAMAC RIVERSIDE VIEWS - AZURE 2,DUBAI INVESTMENT PARK SECOND,227,1442,1107000,1.0
Reef 996,DUBAI PRODUCTION CITY,227,1647,787538,1.0
AVENEW888-LOOM,MADINAT AL MATAAR,226,1429,1026000,1.0
Cybele By Wadan ,DUBAI LAND RESIDENCE COMPLEX,224,1429,863617,1.0
Verdana Residence 5,DUBAI INVESTMENT PARK FIRST,221,910,730300,1.0
Sakura Gardens by HRE ,FALCON CITY OF WONDERS,219,1610,1307580,1.0
Stax,JUMEIRAH VILLAGE CIRCLE,218,1451,1013311,1.0
South Garden E,JABAL ALI FIRST,216,1419,1531000,1.0
Sobha Central Phase I,DMCC-EZ2,214,2835,2697274,1.0
Marquis One,ARJAN,214,1708,857300,1.0
The Woods,AL YUFRAH 1,213,1875,1042046,1.0
Binghatti Hillcrest,ARJAN,212,2233,949500,1.0
SOL LEVANTE,JUMEIRAH VILLAGE TRIANGLE,211,1768,1352400,1.0
South Garden D,JABAL ALI FIRST,211,1486,1629000,1.0
VERDE BY VISION ,DUBAI SPORTS CITY,209,1376,1185390,1.0
Project Maybach,BUSINESS PARK,205,3517,1388000,1.0
Expo Valley Views,MADINAT AL MATAAR,204,1926,2581500,1.0
Binghatti Aquarise,BUSINESS BAY,204,2580,2220349,1.0
Palm Central Private Residences - Frond N,PALM JABAL ALI,202,3554,4359000,1.0
Azizi Grand,DUBAI SPORTS CITY,202,1349,805730,1.0
SKY COURTS,DUBAI LAND RESIDENCE COMPLEX,200,723,613500,0.0
Nad Al Sheba Gardens Phase 11,NAD AL SHIBA FIRST,198,2332,7075000,0.51
"AYAMI RESIDENCE, BY AYAT DEVELOPMENT",WARSAN FIRST,196,1372,526450,1.0
VOXA RESIDENCES,JUMEIRAH VILLAGE TRIANGLE,195,1949,1123104,1.0
Taiyo Residences,JABAL ALI FIRST,195,1621,1043717,1.0
Palace Residences Hillside A,HADAEQ SHEIKH MOHAMMED BIN RASHID,194,2552,2576888,1.0
Linea by Holm,AL SATWA,193,2601,1534448,1.0
Azizi Abraham,DOWN TOWN JABAL ALI,193,1546,552000,1.0
Boulevard Park 1,JABAL ALI FIRST,192,1733,2146000,1.0
Nourelle,UM SUQAIM THIRD,190,2790,3789500,1.0
LIVING LEGENDS PHASE 5,LIVING LEGENDS,190,1431,640845,0.879
AZIZI VENICE 2,MADINAT AL MATAAR,185,2000,712000,1.0
Terra Gardens,MADINAT AL MATAAR,185,2097,2287888,1.0
City Walk Crestlane 4,AL WASL,184,3369,3779000,1.0
Arancia Yards 2 By Beyond,CITY OF ARABIA,184,1800,1346000,1.0
AZIZI VENICE 5,MADINAT AL MATAAR,183,1661,640000,1.0
Holm One,AL SATWA,183,2225,1072517,1.0
Sobha Central Phase II,DMCC-EZ2,183,2965,2468306,1.0
South Square,MADINAT AL MATAAR,182,1510,1860794,1.0
Azizi Milan 55,CITY OF ARABIA,182,1715,584000,1.0
Golf Fields,MADINAT AL MATAAR,181,1580,1605012,1.0
Hadley Heights 2,DUBAI SPORTS CITY,181,1316,1170063,1.0
Waada - Altura 1,MADINAT AL MATAAR,180,1169,475000,1.0
Peninsula Four,BUSINESS BAY,179,2498,2025000,0.726
Verdana Residence 3,DUBAI INVESTMENT PARK FIRST,178,837,631612,1.0
IVY AT PARK FIVE,DUBAI PRODUCTION CITY,177,1457,1141321,1.0
Azizi Noura,JABAL ALI INDUSTRIAL SECOND,177,1722,593010,1.0
Nuve By Zoya,DUBAI LAND RESIDENCE COMPLEX,176,1532,702550,1.0
DAMAC CITY 2,AL WASL,175,2979,2250000,1.0
Binghatti Luxuria,JUMEIRAH VILLAGE TRIANGLE,175,1940,1080000,1.0
Azizi Lina,DOWN TOWN JABAL ALI,170,1756,591000,1.0
Rise by Athlon 1,WADI AL SAFA 5,170,1655,1727080,1.0
Longford Residences by Devan Real Estate Development,INTERNATIONAL CITY PH 1,168,1073,799002,1.0
Kensington Gardens,DUBAI LAND RESIDENCE COMPLEX,168,1354,1011541,1.0
Evelyn on the Park,AL YELAYISS 2,167,1843,1540888,1.0
Azizi Wares,JABAL ALI INDUSTRIAL SECOND,167,1708,591000,1.0
Cove Grand Residence by Imtiaz,DUBAI LAND RESIDENCE COMPLEX,166,1508,859318,1.0
AZIZI MILAN 51,CITY OF ARABIA,165,1740,591000,1.0
Azizi Milan 9,WADI AL SAFA 4,162,1803,612810,1.0
ASPIRZ By Danube,DUBAI SPORTS CITY,162,2271,921372,1.0
Ashwood Estates,ME'AISEM FIRST,161,1963,12728000,0.0
Grove Ridge,MADINAT AL MATAAR,160,1625,1999888,1.0
SKYSCAPE,BUKADRA,160,2430,2146444,1.0
Downtown Residences,BUSINESS BAY,160,2775,2700912,1.0
Luma Park Views,JUMEIRAH VILLAGE CIRCLE,160,1614,1394650,0.0
Azizi Mirage 1,DUBAI STUDIO CITY,159,1402,550000,0.013
Vista Ridge,MADINAT AL MATAAR,159,1631,2003888,1.0
Vincitore Wellness Estate,MAJAN,159,1856,1313000,1.0
OXFORD COVE,JUMEIRAH VILLAGE CIRCLE,158,1564,1104755,1.0
DAMAC ISLANDS 2 - ANTIGUA 1,AL YELAYISS 1,156,1932,2994000,1.0
Verdana 4,DUBAI INVESTMENT PARK FIRST,156,1255,1330282,1.0
Avarra by Palace,BUSINESS BAY,155,3490,3218888,1.0
PEARL HOUSE IV BY IMTIAZ,JUMEIRAH VILLAGE CIRCLE,154,1639,1328682,1.0
Peace Lagoons II by Peace Homes,DUBAI LAND RESIDENCE COMPLEX,154,1588,800000,1.0
Al Habtoor Tower,BUSINESS BAY,154,2730,3444896,1.0
Passo By Beyond,PALM JUMEIRAH,154,6269,9856000,1.0
Samana Resorts,DUBAI PRODUCTION CITY,152,1280,1112548,1.0
SOBHA ONE,RAS AL KHOR INDUSTRIAL FIRST,151,2302,1800070,1.0
Artistry One Residences,ZAABEEL SECOND,151,3139,3416000,1.0
Franck Muller Yachting,DUBAI MARITIME CITY,151,2650,1990000,1.0
City Walk Crestlane 5,AL WASL,150,3410,3737500,1.0
Reportage Village 1 ,WADI AL SAFA 7,150,1240,1257619,1.0
REMRAAM,REMRAAM,149,940,800000,0.0
Lumena Alta by Omniyat,BUSINESS BAY,147,6131,22943000,1.0
BARARIGATE by ADE,MAJAN,146,1611,732000,1.0
Binghatti Hillside,DUBAI SCIENCE PARK,145,2144,805999,1.0
Lyvia by Palace,AL KHAIRAN FIRST,144,2637,2969888,1.0
Sobha Hartland - Crest Grande,SOBHA HEARTLAND,144,1954,2700000,0.194
Sky Line By Peace Homes,DUBAI LAND RESIDENCE COMPLEX,144,1499,750146,1.0
THE HILLGATE,SILICON OASIS,144,1638,1901828,1.0
RITAJ,DUBAI INVESTMENT PARK SECOND,143,770,569772,0.0
Sobha Hartland - The Crest,SOBHA HEARTLAND,142,2209,1700000,0.0
Greencrest,HADAEQ SHEIKH MOHAMMED BIN RASHID,141,2138,1803888,1.0
Paradise View 1,MAJAN,141,893,720000,0.0
CHELSEA RESIDENCES 2 BY DAMAC,DUBAI MARITIME CITY,140,3203,2729500,1.0
Enchante By GRID,ARJAN,140,1765,696500,1.0
AMAAL 8,HORIZON,138,2334,2141888,1.0
AZIZI JEWEL ,AL FURJAN,138,1518,544250,1.0
Azizi David,SAMA AL JADAF,138,2372,837720,1.0
AURESTA TOWER,JUMEIRAH VILLAGE CIRCLE,138,1511,689827,1.0
Peninsula Three,BUSINESS BAY,138,2665,1745000,0.0
Azizi Gabriel,JABAL ALI INDUSTRIAL SECOND,137,1710,596000,1.0
Sera Gardens by Vision,DUBAI PRODUCTION CITY,136,1511,952650,1.0
Weybridge Gardens 5,DUBAI LAND RESIDENCE COMPLEX,132,1529,822594,1.0
ELARIS Sky,JUMEIRAH VILLAGE TRIANGLE,131,1608,1139264,1.0
SAAS Hills,DUBAI SCIENCE PARK,130,1786,1685149,1.0
Verdana Residence 6,DUBAI INVESTMENT PARK FIRST,129,1237,846400,1.0
Palm Central Private Residences - Frond M,PALM JABAL ALI,127,3472,4515000,1.0
ENRE RESIDENCE BY IMTIAZ,DUBAI SOUTH,126,1574,1361701,1.0
ADEBA AZIZI ,DUBAI HEALTHCARE CITY - PHASE 2,126,2038,1483613,1.0
California Residences,WADI AL SAFA 4,125,1414,1593648,1.0
Grand Polo - Equiterra ,DUBAI INVESTMENT PARK SECOND,125,2031,4685888,0.704
Eden Hills,HADAEQ SHEIKH MOHAMMED BIN RASHID,125,2564,20700000,0.0
Hills View at Wasl Gate,JABAL ALI FIRST,125,1425,1081000,1.0
Reef 998,DUBAI LAND RESIDENCE COMPLEX,124,1544,1051480,1.0
Seraph by Wadan,DUBAI LAND RESIDENCE COMPLEX,124,1253,1017634,1.0
Mirdad,MOTOR CITY,124,1888,1429896,1.0
THE CAPE,AL BARARI,123,2943,5717587,1.0
Laguna Residence,CITY OF ARABIA,122,1631,847450,1.0
Verdana Residence 7 ,DUBAI INVESTMENT PARK FIRST,121,1203,853600,1.0
Wynwood Horizon by Imtiaz,HORIZON,119,2324,2226372,1.0
Celesto Tower,DUBAI LAND RESIDENCE COMPLEX,117,1394,609443,1.0
LAKESIDE,DUBAI PRODUCTION CITY,116,1041,410000,0.0
Hayat 1 ,MADINAT AL MATAAR,115,1448,4900000,1.0
YIGO26,INTERNATIONAL CITY PH 1,114,1169,860465,1.0
Samana Business Hub,DOWN TOWN JABAL ALI,113,1919,1585971,1.0
Grand Polo - Equestra,DUBAI INVESTMENT PARK SECOND,111,2088,4800888,0.766
AUM 99 Residences,DUBAI LAND RESIDENCE COMPLEX,111,1525,526355,1.0
SERENIA DISTRICT - EAST,AL THANYAH FIFTH,110,2609,3738500,1.0
Rise by Athlon 2,WADI AL SAFA 5,110,1675,2305849,1.0
368 Park Ln,JUMEIRAH VILLAGE CIRCLE,110,1384,1087500,1.0
LIVING LEGENDS PHASE 6,LIVING LEGENDS,109,1157,1750000,0.862
Arisha Terraces ,DUBAI STUDIO CITY,109,1590,1117440,1.0
One by Binghatti ,BUSINESS BAY,109,2639,2749999,1.0
311 Boulevard by Bam Eskan,JUMEIRAH VILLAGE CIRCLE,107,1353,1172716,1.0
TONINO LAMBORGHINI RESIDENCES,BUSINESS PARK,106,2555,2974610,1.0
EMPIRE LAKEVIEWS,LIWAN,106,1660,1082277,1.0
ELEVE BY DEYAAR,DOWN TOWN JABAL ALI,106,1338,1557092,1.0
DAMAC TOWERS BY PARAMOUNT,BUSINESS BAY,105,1437,1587000,0.0
ENSO JADE,AL SATWA,105,2153,1623250,1.0
EMPIRE GARDENS,DUBAI LAND RESIDENCE COMPLEX,105,1624,1219777,1.0
LIV OCEANSIDE,PALM DEIRA,105,3160,3959548,1.0
 The Wilds Residences,WADI AL SAFA 3,104,1805,1770824,1.0
South Lofts by Premier Choice,DUBAI INDUSTRIAL CITY,103,1335,459080,1.0
Sky Gate Tower,JUMEIRAH VILLAGE TRIANGLE,103,1619,681432,1.0
Soulever' By Beyond,MADINAT DUBAI ALMELAHEYAH,103,3770,3815000,1.0
Seventh Heaven - Ashjar,AL BARARI,103,1738,1954467,0.0
butterfly,ARJAN,102,1627,1404184,1.0
DAMAC LAGOONS - PORTOFINO,AL HEBIAH FIFTH,101,1590,2750000,0.0
Ashley Hills,ARJAN,101,1504,823968,1.0
COVE EDITION RESIDENCE 6 BY IMTIAZ,DUBAI LAND RESIDENCE COMPLEX,101,1678,757159,1.0
Samana Hills South 3,DUBAI INDUSTRIAL CITY,100,1448,948583,1.0
FLOAREA OASIS,DUBAI LAND RESIDENCE COMPLEX,100,1439,944775,1.0
Binghatti Flare 02,JUMEIRAH VILLAGE TRIANGLE,99,1746,1358999,1.0
Binghatti Elite,DUBAI PRODUCTION CITY,99,1542,580000,1.0
OMYA RESIDENCES,JABAL ALI FIRST,98,1711,682400,1.0
Greenz By Danube,AL ROWAIYAH FIRST,98,2793,4381000,1.0
THE FIELDS AT D11 - MBRMC,THE FIELD,98,1613,3767500,0.0
The Caden By Prescott,HORIZON,98,2286,1958260,1.0
LAYA COURTYARD,DUBAI STUDIO CITY,97,1549,1066227,1.0
Verdana 5,DUBAI INVESTMENT PARK FIRST,97,1213,1417000,1.0
AZIZI NEILA,AL FURJAN,97,1599,575000,1.0
RYAH LIVING by ALYAKKA,DUBAI STUDIO CITY,97,1640,676000,1.0
Binghatti Amberhall,JUMEIRAH VILLAGE CIRCLE,96,1924,925000,1.0
Beverly Grande,MOTOR CITY,96,1590,1109046,1.0
The EDGE,BUSINESS BAY,96,2422,1500000,1.0
Samana South Haven,DUBAI INDUSTRIAL CITY,96,1597,701500,1.0
Taormina Village 1 ,WADI AL SAFA 3,96,2391,2067500,1.0
Waada - Altura 2,MADINAT AL MATAAR,95,1184,862000,1.0
Lumena by Omniyat,BUSINESS BAY,95,5842,28485088,1.0
DAMAC HILLS - CARSON ,DAMAC HILLS,94,1364,572500,0.0
ROSEWELL,AL YELAYISS 2,94,1776,1588888,1.0
Silva,AL KHAIRAN FIRST,94,2209,3126959,1.0
Azizi Riviera Beachfront,MEYDAN ONE,93,2112,839800,0.011
Binghatti Hills ,DUBAI SCIENCE PARK,93,1789,1682352,1.0
One Beverly,ARJAN,93,1672,750000,1.0
"The St. Regis Residences, Downtown Dubai",BURJ KHALIFA,92,3115,3875000,1.0
DAMAC RIVERSIDE VIEWS - CAPRI 2,DUBAI INVESTMENT PARK SECOND,91,1496,1325250,1.0
Golf Trails,MADINAT AL MATAAR,90,1709,1286888,1.0
SOL LUXE,TRADE CENTER FIRST,90,3462,3090400,1.0
burj capital ,BUSINESS BAY,90,3598,3381600,1.0
THE POLO RESIDENCE,MEYDAN AVENUE,90,1523,2474994,0.0
Binghatti Hillviews,DUBAI SCIENCE PARK,90,1741,886000,1.0
TOWN SQUARE ZAHRA,TOWN SQUARE,90,1244,1200000,0.0
31 Above By Beyond,MADINAT DUBAI ALMELAHEYAH,89,3711,10658000,1.0
Grand Polo - Equiterra 2,DUBAI INVESTMENT PARK SECOND,89,2078,3538888,1.0
DAMAC RIVERSIDE VIEWS - CAPRI 1 ,DUBAI INVESTMENT PARK SECOND,88,1456,1425500,1.0
" QASR SABAH I , II ,III ",DUBAI PRODUCTION CITY,88,728,446709,0.0
Golf Terrace Residences By ASAK,DUBAI PRODUCTION CITY,87,1442,730000,1.0
The central downtown ,ARJAN,87,1424,1099888,1.0
Sobha Creek Vistas,SOBHA HEARTLAND,87,1880,1170000,0.0
DAMAC LAGOONS - COSTA BRAVA (1),AL HEBIAH FIFTH,87,1710,3000000,0.0
Azizi Ruby ,JUMEIRAH VILLAGE CIRCLE,86,1726,667500,1.0
EMBER AT PARK FIVE,DUBAI PRODUCTION CITY,86,1336,1116574,1.0
Hayat 6,MADINAT AL MATAAR,86,1458,5125000,1.0
Samana Sky Views,DUBAI PRODUCTION CITY,86,1473,1104540,1.0
BAY SQUARE,BUSINESS BAY,86,2521,4354982,0.0
Azizi Sikander,AL FURJAN,85,1769,580140,1.0
ALTA VIEW SKYHOMES,JUMEIRAH VILLAGE CIRCLE,85,1607,1199064,1.0
ELM AT PARK FIVE,DUBAI PRODUCTION CITY,85,1331,1078094,1.0
Sobha Solis,MOTOR CITY,85,2015,1391180,1.0
The Valley - Ovelle,AL YUFRAH 1,84,1217,7294888,0.0
Azizi Milan 53,CITY OF ARABIA,84,1733,623000,1.0
AL KHAIL HEIGHTS,AL KHAIL HEIGHTS,84,938,885000,0.0
Zenith Residences,INTERNATIONAL CITY PH 2 & 3,84,1061,865111,1.0
Verdana Residence 10,DUBAI INVESTMENT PARK FIRST,84,1195,793400,1.0
Bayz 102 By Danube ,BUSINESS BAY,84,2939,3116140,1.0
Sobha SkyParks,BUSINESS BAY,83,4250,3611164,1.0
ONE RIVER POINT,BUSINESS BAY,83,2642,3633828,1.0
TORINO BY ORO24,ARJAN,83,1673,850000,0.0
Tresora by Wadan,JUMEIRAH VILLAGE CIRCLE,83,1472,968706,1.0
Waada - Cascada 2,MADINAT AL MATAAR,82,1138,871000,1.0
Timez By Danube,SILICON OASIS,82,1844,1497560,1.0
Binghatti Ruby,JUMEIRAH VILLAGE CIRCLE,82,1888,1498749,1.0
Samana Parkville,DUBAI LAND RESIDENCE COMPLEX,82,1476,1129000,1.0
Sobha Creek Vistas Heights,AL MERKADH,82,2063,1739826,1.0
SUNSET BAY GRAND BY IMTIAZ,PALM DEIRA,82,2304,2398620,1.0
BELGRAVIA GARDENS,FALCON CITY OF WONDERS,82,1596,1766328,1.0
Samana IBIZA,DUBAI LAND RESIDENCE COMPLEX,82,1426,1080852,1.0
Verdana 3,DUBAI INVESTMENT PARK FIRST,82,1175,1318481,1.0
Soul by vision,DUBAI PRODUCTION CITY,81,1172,951900,1.0
Serra,WADI AL SAFA 4,81,1888,1380000,1.0
Binghatti Haven ,DUBAI SPORTS CITY,81,1456,1729999,1.0
DAMAC LAGOONS - MALTA (1),AL HEBIAH FIFTH,81,1613,2612500,0.0
AYKON CITY ,BUSINESS BAY,80,1551,929500,0.0
Divine Al Barari,MAJAN,80,1383,1121030,1.0
Samana Barari Avenue,MAJAN,80,1876,1904264,1.0
SKYZ By Danube,ARJAN,79,1517,750000,0.0
Rukan 3,WADI AL SAFA 7,79,1669,1055000,0.0
Rivo,DUBAI LAND RESIDENCE COMPLEX,79,1227,1016000,1.0
Binghatti Skyrise,BUSINESS BAY,79,2575,1400000,1.0
Binghatti Phoenix,JUMEIRAH VILLAGE CIRCLE,79,1552,1200000,0.013
Verdana 6,DUBAI INVESTMENT PARK FIRST,79,1179,1444150,1.0
Takaya ,MOTOR CITY,79,1908,2401046,1.0
Al Haseen Residence 4,DUBAI INDUSTRIAL CITY,79,1470,573212,1.0
The Residences at the Dubai Beach Edition,MARSA DUBAI,79,4954,11717766,1.0
Regalia,BUSINESS BAY,78,1772,1252500,0.731
AHS TOWER,TRADE CENTER SECOND,78,4772,23851300,1.0
Rabdan Gardens,AL SATWA,78,2217,1059195,1.0
Peace Lagoons by Peace Homes,DUBAI LAND RESIDENCE COMPLEX,78,1471,1097044,1.0
AZIZI VENICE 4,MADINAT AL MATAAR,77,1671,750000,1.0
Azizi Central ,AL FURJAN,77,1172,1572250,0.701
Avenue Park Towers,AL KIFAF,77,2339,2703777,1.0
DAMAC HILLS - GOLF GREENS 2,DAMAC HILLS,77,1661,1736000,1.0
"No.17, No.18a,No.18b and No.19 Citywalk Residential ",CITY WALK,75,2664,4899966,0.0
15 CASCADE,MOTOR CITY,75,1854,1575407,1.0
Sobha Orbis,MOTOR CITY,75,2080,1781058,1.0
The First Collection at Dubai Studio City,DUBAI STUDIO CITY,75,3550,1051650,1.0
NEEM AT PARK FIVE ,DUBAI PRODUCTION CITY,75,1335,1113322,1.0
RIVERTON HOUSE,HORIZON,75,2718,2250828,1.0
MARQUIS HORIZON,DUBAI SOUTH,75,1580,1275666,1.0
Oakyard Residences,JUMEIRAH VILLAGE CIRCLE,75,1439,1013962,1.0
Eden House The Park,AL WASL,75,3892,9051984,1.0
The Valley - Orania,AL YUFRAH 1,74,1416,2790000,0.0
Azizi Riviera 50,MEYDAN ONE,74,2309,1719998,1.0
Pinewood Estate Homes,ME'AISEM FIRST,74,2375,6037777,0.0
OXBRIDGE GARDENS,JUMEIRAH VILLAGE CIRCLE,74,891,750000,0.0
Azizi Riviera Reve,MEYDAN ONE,73,2959,2828000,1.0
Hayat 4 ,MADINAT AL MATAAR,73,1327,4710000,1.0
Binghatti Royale,JUMEIRAH VILLAGE CIRCLE,73,1610,1500000,0.0
Binghatti Pinnacle,DUBAI HEALTHCARE CITY - PHASE 2,73,2132,2449999,0.904
BURJ KHALIFA TOWERS,BURJ KHALIFA,73,2883,4700000,0.0
Verdana Residence 2 ,DUBAI INVESTMENT PARK FIRST,73,1135,533000,1.0
PEACE AVENUE BY PEACE HOMES,DOWN TOWN JABAL ALI,72,1133,522500,1.0
INTERNATIONAL CITY EMARATI,INTERNATIONAL CITY PH 1,72,652,382750,0.0
The Hamilton,AL YELAYISS 2,72,1372,1467500,0.0
Azizi Riviera 49,MEYDAN ONE,71,2318,1115520,1.0
Floarea Skies,JUMEIRAH VILLAGE CIRCLE,71,1507,1189470,1.0
Aura,AL HEBIAH FOURTH,71,2563,4999000,0.0
Biltmore Sufouh,SUFOUH GARDENS,71,2582,2897100,1.0
HOLLAND GARDENS ,AL YELAYISS 2,71,1435,1485000,0.0
Reem by vision,LIWAN,70,1145,896600,1.0
KHK 31,DUBAI LAND RESIDENCE COMPLEX,70,1581,606000,1.0
DAMAC LAGOONS - COSTA BRAVA (2),AL HEBIAH FIFTH,70,1774,2895000,0.0
Celesto Tower 2,DUBAI LAND RESIDENCE COMPLEX,69,1460,783806,1.0
AURA PRESTIGE,SILICON OASIS,69,1281,1568725,1.0
The First Collection at Dubai Sports City,DUBAI SPORTS CITY,69,3491,1075000,1.0
ELTIERA HEIGHTS,JUMEIRAH HEIGHTS,69,2527,2339828,1.0
Montiva,AL KHAIRAN FIRST,68,2508,2817888,1.0
Verdana 7,DUBAI INVESTMENT PARK FIRST,68,1191,1338000,1.0
NEST,INTERNATIONAL CITY PH 2 & 3,68,1054,718204,1.0
J188,SAMA AL JADAF,68,1600,1249688,1.0
Camden,AL YELAYISS 2,67,1725,1603888,1.0
La Tilia at Villanova Phase 2,WADI AL SAFA 5,67,1517,3446000,1.0
DAMAC HILLS (2) - VIRIDIS ,MADINAT HIND 4,67,1012,507860,0.0
Trussardi Residences 2,JABAL ALI FIRST,67,2035,960000,1.0
Binghatti Skyblade,BURJ KHALIFA,66,3929,3499999,1.0
Ciel,DUBAI MARINA,66,7147,1119838,0.03
Palace Residences - North,DUBAI CREEK HARBOUR,66,2690,2625000,0.0
Bellavion by Sunrise,JABAL ALI FIRST,66,1483,1170000,1.0
BELMORE RESIDENCES,HORIZON,66,2214,1786328,1.0
ALDER AT PARK FIVE,DUBAI PRODUCTION CITY,65,1378,1673748,1.0
Hilton Residences Dubai Jumeirah Lakes Towers,JUMEIRAH LAKES TOWERS,65,3102,1272921,1.0
Future Residence,HORIZON,65,1985,1477567,1.0
DAMAC ISLANDS - SEYCHELLES 2,AL YELAYISS 1,64,1963,3042000,0.0
The Cove ll,DUBAI CREEK HARBOUR,64,2294,2890000,0.422
SEVEN CITY JLT,JUMEIRAH LAKES TOWERS,64,1227,566000,1.0
The Element at Sobha One,RAS AL KHOR INDUSTRIAL FIRST,64,2575,3101870,1.0
Seacliff by Imtiaz,PALM DEIRA,64,2384,2231828,1.0
Antalya By Karma,DUBAI SPORTS CITY,64,1502,1153936,1.0
Verdana 10,DUBAI INVESTMENT PARK FIRST,64,1256,1667692,1.0
DAMAC LAGOONS - SANTORINI (1),AL HEBIAH FIFTH,63,1810,3150000,0.0
Selicon Star 2,SILICON OASIS,63,932,878600,0.0
MAS Barsha Residency,AL BARSHA FIRST,63,1800,2801628,1.0
Urban Life,BUSINESS BAY,63,2255,2080000,1.0
Address Residences Zabeel,ZAABEEL FIRST,62,2745,2948388,1.0
AZIZI ZAIN ,AL FURJAN,62,1174,1510080,1.0
Verdana Residence 9,DUBAI INVESTMENT PARK FIRST,62,1206,891186,1.0
Art House Hills by Adaan and Tuscany ,ARJAN,62,1787,1372393,1.0
PRIVE BY DAMAC,BUSINESS BAY,62,2174,1036500,0.0
Velos Residence,MOTOR CITY,62,2048,1227888,1.0
Al Haseen Residence 3,DUBAI INDUSTRIAL CITY,62,1500,579408,1.0
Verdana Residence 8,DUBAI INVESTMENT PARK FIRST,62,1216,871747,1.0
Chapter 01 By Newbury Developments,INTERNATIONAL CITY PH 2 & 3,62,1176,770000,1.0
Azizi Milan 28,CITY OF ARABIA,61,1650,588000,1.0
MAG EYE Phase 1,MBR DISTRICT 7,61,1855,1225000,0.0
Artistry Two Residences,ZAABEEL SECOND,61,3181,2879000,1.0
Allura Residences by Citi Developers,JUMEIRAH VILLAGE CIRCLE,61,1469,1065900,1.0
O1NE District - Dawn,AL HEBIAH FIRST,61,2549,5990000,1.0
Cove Boulevard By Imtiaz,DUBAI LAND RESIDENCE COMPLEX,61,1666,1230335,1.0
 CHELSEA RESIDENCES BY DAMAC,DUBAI MARITIME CITY,61,3108,3058760,1.0
Creek Beach - Canopy - Moor,DUBAI CREEK HARBOUR,60,2295,2400000,0.0
