"# Dubai median prices by district, bedroom count and property type 2026 - TEX & TEX Real Estate, computed from Dubai Land Department open data, generated 2026-09-30. Free to republish with attribution and a link to https://data.tex.ae"
area,rooms,ptype,sales,median_psf,median_price,median_sqft
ABU HAIL,Not specified,Land,27,617,1500000,2500
AL BADA,Not specified,Land,24,1510,5288756,3000
AL BARAHA,Not specified,Land,5,1038,3500000,3454
AL BARARI,1 B/R,Unit,87,1738,2310709,1154
AL BARARI,2 B/R,Unit,101,2739,5254715,1877
AL BARARI,3 B/R,Unit,27,2906,7358390,2486
AL BARARI,4 B/R,Unit,5,3222,12562333,3923
AL BARARI,Not specified,Land,12,2929,40250000,13164
AL BARARI,Studio,Unit,15,1738,974801,560
AL BARSHA FIRST,1 B/R,Unit,35,1800,1839078,1022
AL BARSHA FIRST,2 B/R,Unit,36,1800,2816163,1558
AL BARSHA FIRST,3 B/R,Unit,10,1800,4466718,2482
AL BARSHA SECOND,Not specified,Land,12,575,8000000,15000
AL BARSHA THIRD,Not specified,Land,11,582,7500000,15000
AL BARSHAA SOUTH FIRST,Not specified,Land,5,521,5200000,12000
AL BARSHAA SOUTH THIRD,1 B/R,Unit,6,997,835000,836
AL FURJAN,1 B/R,Unit,424,1389,1100000,798
AL FURJAN,2 B/R,Unit,466,1281,1675500,1285
AL FURJAN,3 B/R,Building,28,1835,3587500,1910
AL FURJAN,3 B/R,Unit,147,1284,2265000,1796
AL FURJAN,4 B/R,Building,42,1794,3857500,2381
AL FURJAN,NA,Unit,39,2490,2765000,989
AL FURJAN,Not specified,Land,59,1274,5600000,6458
AL FURJAN,Studio,Unit,492,1547,555500,353
AL GOZE FIRST,Not specified,Land,21,473,3600000,9860
AL HEBIAH FIFTH,1 B/R,Unit,609,1661,1260480,759
AL HEBIAH FIFTH,2 B/R,Unit,189,1555,1829000,1165
AL HEBIAH FIFTH,3 B/R,Building,232,1436,1695000,1137
AL HEBIAH FIFTH,4 B/R,Building,17,1202,2217000,1894
AL HEBIAH FIFTH,5 B/R,Building,15,1418,2511400,1705
AL HEBIAH FIFTH,NA,Unit,43,3039,7202900,2374
AL HEBIAH FIFTH,Not specified,Land,784,1616,2850000,1550
AL HEBIAH FIFTH,Studio,Unit,905,1907,733000,387
AL HEBIAH FIRST,1 B/R,Unit,200,1508,1150000,747
AL HEBIAH FIRST,2 B/R,Unit,21,1576,1969999,1277
AL HEBIAH FIRST,NA,Unit,9,2989,2841030,844
AL HEBIAH FIRST,Office,Unit,61,2549,5990000,2602
AL HEBIAH FIRST,Studio,Unit,409,2087,813999,390
AL HEBIAH FOURTH,3 B/R,Building,28,2630,4170000,1523
AL HEBIAH FOURTH,4 B/R,Building,56,2236,7000000,2573
AL HEBIAH FOURTH,5 B/R,Building,9,2474,6150000,2455
AL HEBIAH FOURTH,Not specified,Land,99,2096,13200000,6507
AL HEBIAH SIXTH,3 B/R,Building,161,1825,3400000,1834
AL HEBIAH SIXTH,4 B/R,Building,115,1490,4400000,2852
AL HEBIAH THIRD,Not specified,Land,110,2101,3684000,1658
AL JADAF,1 B/R,Unit,23,1832,1402498,861
AL JADAF,2 B/R,Unit,21,1614,2200000,1355
AL JADAF,3 B/R,Unit,10,2049,4187499,1773
AL JADAF,Studio,Unit,41,2040,879000,447
AL JAFLIYA,Not specified,Land,11,569,2700000,5368
AL KHAIL HEIGHTS,1 B/R,Unit,38,883,962500,1081
AL KHAIL HEIGHTS,2 B/R,Unit,9,971,1400000,1461
AL KHAIL HEIGHTS,Studio,Unit,30,1016,600000,606
AL KHAIRAN FIRST,1 B/R,Unit,897,2619,1981888,755
AL KHAIRAN FIRST,2 B/R,Unit,796,2671,3378888,1250
AL KHAIRAN FIRST,3 B/R,Unit,219,2671,5200000,1855
AL KHAIRAN FIRST,4 B/R,Unit,5,2774,7103888,2561
AL KHAWANEEJ FIRST,Not specified,Land,21,594,9897000,16604
AL KHEERAN,2 B/R,Unit,12,1284,2500000,1881
AL KHEERAN,3 B/R,Unit,8,1388,3500000,2500
AL KIFAF,1 B/R,Unit,35,2199,1822777,898
AL KIFAF,2 B/R,Unit,110,2095,2700000,1215
AL KIFAF,3 B/R,Unit,61,2351,4070433,1711
AL MAMZER,Not specified,Land,12,637,9800000,14896
AL MANARA,Not specified,Land,5,1103,27000000,17629
AL MARARR,Not specified,Land,5,640,2250000,1693
AL MERKADH,1 B/R,Unit,54,2045,1482402,722
AL MERKADH,2 B/R,Unit,36,2076,2485000,1268
AL MERKADH,Not specified,Land,27,2398,15200000,6355
AL MIZHAR FIRST,Not specified,Land,10,400,5450000,15000
AL MIZHAR SECOND,Not specified,Land,12,319,6300000,20000
AL NAHDA FIRST,Not specified,Land,7,1117,32500000,29091
AL RASHIDIYA,Not specified,Land,38,358,1800000,6400
AL ROWAIYAH FIRST,3 B/R,Building,30,2652,3461380,1292
AL ROWAIYAH FIRST,4 B/R,Building,33,3159,4410000,1357
AL ROWAIYAH FIRST,5 B/R,Building,24,2534,6250550,2319
AL SAFFA SECOND,Not specified,Land,5,282,1590000,5645
AL SATWA,1 B/R,Unit,578,2163,1606296,734
AL SATWA,2 B/R,Unit,134,2150,2337608,1094
AL SATWA,3 B/R,Unit,5,2143,4003300,1867
AL SATWA,NA,Unit,11,3878,2851777,696
AL SATWA,Not specified,Land,24,1840,7050000,5915
AL SATWA,Studio,Unit,455,2414,1032454,418
AL THANYAH FIFTH,1 B/R,Unit,420,2494,2045328,811
AL THANYAH FIFTH,2 B/R,Unit,268,2530,3333828,1284
AL THANYAH FIFTH,3 B/R,Unit,71,2534,4262828,1672
AL THANYAH FIFTH,4 B/R,Unit,9,2806,8485000,2850
AL THANYAH FIFTH,Studio,Unit,9,2497,1392828,554
AL TWAR FIFTH,Not specified,Land,6,427,5125000,14455
AL TWAR FIRST,Not specified,Land,7,286,2800000,10000
AL TWAR FOURTH,Not specified,Land,20,289,1846650,6400
AL TWAR SECOND,Not specified,Land,12,291,3550000,12440
AL WAHA,2 B/R,Unit,5,1116,1930000,1730
AL WAHA,Not specified,Land,10,929,5015000,5708
AL WAHEDA,Not specified,Land,24,437,1550000,2750
AL WARQA FIRST,Not specified,Land,6,975,11625000,15000
AL WARQA FOURTH,Not specified,Land,5,335,4200000,11708
AL WARQA SECOND,Not specified,Land,5,314,4100000,13050
AL WARQA THIRD,Not specified,Land,10,382,4895000,12320
AL WARSAN THIRD,Not specified,Land,45,260,1402000,5005
AL WASL,1 B/R,Unit,306,3328,2683000,796
AL WASL,2 B/R,Unit,230,3190,3994500,1321
AL WASL,3 B/R,Unit,124,3653,8662512,2332
AL WASL,4 B/R,Unit,12,3300,16641500,5323
AL WASL,Not specified,Land,17,1160,10400000,10013
AL WASL,Studio,Unit,49,3324,1311000,395
AL YELAYISS 1,4 B/R,Building,2221,1822,2824000,1550
AL YELAYISS 1,5 B/R,Building,1206,1942,4159000,2457
AL YELAYISS 1,Not specified,Land,341,1761,3042000,1550
AL YELAYISS 2,1 B/R,Unit,287,1783,1125000,639
AL YELAYISS 2,2 B/R,Unit,448,1612,1613388,996
AL YELAYISS 2,3 B/R,Building,70,1518,2960000,1904
AL YELAYISS 2,3 B/R,Unit,62,1588,2567944,1528
AL YELAYISS 2,4 B/R,Building,30,1214,3505000,2816
AL YELAYISS 2,Studio,Unit,8,1797,662500,339
AL YUFRAH 1,1 B/R,Unit,158,1875,1017994,540
AL YUFRAH 1,2 B/R,Unit,55,1875,1714921,889
AL YUFRAH 1,3 B/R,Building,191,1510,2730000,1873
AL YUFRAH 1,4 B/R,Building,179,1157,3750000,3165
AL YUFRAH 1,5 B/R,Building,10,1001,5422444,5340
AL YUFRAH 1,Not specified,Land,198,1193,7586444,6938
ARABIAN RANCHES I,2 B/R,Building,28,1447,3900000,2690
ARABIAN RANCHES I,3 B/R,Building,58,1414,4999999,3751
ARABIAN RANCHES I,Not specified,Land,100,1340,10500000,7795
ARABIAN RANCHES II,3 B/R,Building,10,1992,3562500,1915
ARABIAN RANCHES II,4 B/R,Building,11,1526,4500000,2983
ARABIAN RANCHES II,Not specified,Land,45,1327,6600000,4650
ARABIAN RANCHES III,3 B/R,Building,53,2109,3000000,1389
ARABIAN RANCHES III,4 B/R,Building,21,1717,4300000,2407
ARJAN,1 B/R,Unit,977,1546,1180000,764
ARJAN,2 B/R,Unit,340,1389,1666967,1221
ARJAN,3 B/R,Unit,49,1243,2355868,1760
ARJAN,NA,Unit,88,2095,2474960,1192
ARJAN,Office,Unit,35,1099,744432,623
ARJAN,Shop,Unit,9,1598,1380009,859
ARJAN,Studio,Unit,1057,1760,720000,423
BARSHA HEIGHTS,1 B/R,Unit,34,1537,1126936,729
BARSHA HEIGHTS,2 B/R,Unit,30,1200,1405900,1304
BARSHA HEIGHTS,NA,Unit,14,2300,4405260,1915
BARSHA HEIGHTS,Office,Unit,95,2000,2549496,1562
BARSHA HEIGHTS,Studio,Unit,52,2519,868055,329
BLUEWATERS,1 B/R,Unit,14,4928,5625000,1138
BLUEWATERS,2 B/R,Unit,19,4737,7650000,1604
BLUEWATERS,3 B/R,Unit,20,5911,12125000,2100
BUKADRA,1 B/R,Unit,534,2768,1888846,710
BUKADRA,2 B/R,Unit,255,3015,2708491,925
BUKADRA,3 B/R,Unit,39,2595,4210974,1653
BUKADRA,NA,Unit,17,7000,7255220,1036
BURJ KHALIFA,1 B/R,Unit,558,2587,2250000,873
BURJ KHALIFA,2 B/R,Unit,639,2779,3800000,1365
BURJ KHALIFA,3 B/R,Unit,205,3629,7125000,2058
BURJ KHALIFA,4 B/R,Unit,56,5125,24690606,5176
BURJ KHALIFA,5 B/R,Unit,7,5425,33500000,6175
BURJ KHALIFA,NA,Unit,5,3853,2963598,1107
BURJ KHALIFA,Office,Unit,9,4674,21500000,3802
BURJ KHALIFA,Studio,Unit,120,3067,1400000,481
BUSINESS BAY,1 B/R,Unit,1671,2395,2000000,829
BUSINESS BAY,2 B/R,Unit,974,2399,2970278,1355
BUSINESS BAY,3 B/R,Unit,249,2415,4450000,1941
BUSINESS BAY,4 B/R,Unit,45,1910,7740684,4229
BUSINESS BAY,6 B/R,Unit,5,3229,34097750,9439
BUSINESS BAY,NA,Unit,694,4756,4040826,1404
BUSINESS BAY,Office,Unit,430,1959,2000000,1128
BUSINESS BAY,Shop,Unit,48,2880,2320051,867
BUSINESS BAY,Studio,Unit,764,2388,1082500,448
BUSINESS PARK,1 B/R,Unit,317,3796,2371000,614
BUSINESS PARK,2 B/R,Unit,153,3294,3303000,983
BUSINESS PARK,3 B/R,Unit,35,3511,5314000,1547
BUSINESS PARK,NA,Unit,34,7341,5847422,782
BUSINESS PARK,Studio,Unit,1069,3545,1373000,390
CHERRYWOODS,3 B/R,Building,11,1677,3250000,1938
CHERRYWOODS,4 B/R,Building,9,1327,3750000,2713
CITY OF ARABIA,1 B/R,Unit,699,1575,1124000,731
CITY OF ARABIA,2 B/R,Unit,140,1709,2212000,1125
CITY OF ARABIA,3 B/R,Unit,15,2036,3522000,1745
CITY OF ARABIA,Not specified,Land,5,500,8265577,18368
CITY OF ARABIA,Studio,Unit,1596,1726,590000,340
CITY WALK,1 B/R,Unit,56,2457,2674836,1048
CITY WALK,2 B/R,Unit,68,2676,4500171,1719
CITY WALK,3 B/R,Unit,37,2663,6499955,2446
CITY WALK,4 B/R,Unit,8,3534,14000000,3725
DAMAC HILLS,1 B/R,Unit,476,1750,1206720,687
DAMAC HILLS,2 B/R,Unit,154,1597,2083200,1291
DAMAC HILLS,3 B/R,Unit,13,1223,2800000,2675
DAMAC HILLS,NA,Unit,21,2464,8458380,3435
DAMAC HILLS,Not specified,Land,148,1375,4700000,3488
DAMAC HILLS,Studio,Unit,229,1472,626000,433
DISCOVERY GARDENS,1 B/R,Unit,311,889,780373,915
DISCOVERY GARDENS,2 B/R,Unit,128,888,1250000,1405
DISCOVERY GARDENS,Not specified,Land,5,2714,42187500,15543
DISCOVERY GARDENS,Studio,Unit,333,1064,515000,484
DMCC-EZ2,1 B/R,Unit,151,2900,1921355,645
DMCC-EZ2,2 B/R,Unit,238,2895,2673465,956
DOWN TOWN JABAL ALI,1 B/R,Unit,411,1408,995680,683
DOWN TOWN JABAL ALI,2 B/R,Unit,149,1379,1557244,1109
DOWN TOWN JABAL ALI,3 B/R,Unit,31,1351,2220020,1633
DOWN TOWN JABAL ALI,NA,Unit,264,1990,1707121,854
DOWN TOWN JABAL ALI,Studio,Unit,810,1688,589000,349
DUBAI CREEK HARBOUR,1 B/R,Unit,342,2359,1750000,722
DUBAI CREEK HARBOUR,2 B/R,Unit,446,2315,2673150,1127
DUBAI CREEK HARBOUR,3 B/R,Unit,182,2314,4037944,1663
DUBAI CREEK HARBOUR,4 B/R,Unit,14,2646,9075000,3174
DUBAI GOLF CITY,Not specified,Land,5,1378,10000000,6257
DUBAI HARBOUR,1 B/R,Unit,113,3268,2550000,786
DUBAI HARBOUR,2 B/R,Unit,95,3619,4500000,1283
DUBAI HARBOUR,3 B/R,Unit,56,4005,7525000,1926
DUBAI HARBOUR,4 B/R,Unit,14,3961,19500000,4524
DUBAI HEALTHCARE CITY - PHASE 2,1 B/R,Unit,213,1894,1383847,735
DUBAI HEALTHCARE CITY - PHASE 2,2 B/R,Unit,154,1930,2225778,1165
DUBAI HEALTHCARE CITY - PHASE 2,3 B/R,Unit,39,1843,3200000,1712
DUBAI HEALTHCARE CITY - PHASE 2,NA,Unit,9,4062,2364560,595
DUBAI HEALTHCARE CITY - PHASE 2,Studio,Unit,110,2124,813755,391
DUBAI HILLS,1 B/R,Unit,307,2277,1600000,708
DUBAI HILLS,2 B/R,Unit,282,2303,2534444,1075
DUBAI HILLS,3 B/R,Building,35,2285,4900000,2099
DUBAI HILLS,3 B/R,Unit,91,2482,4100000,1612
DUBAI HILLS,4 B/R,Building,43,1921,5565000,3042
DUBAI HILLS,5 B/R,Building,9,1908,6100000,3058
DUBAI HILLS,NA,Unit,11,5471,4594104,748
DUBAI HILLS,Not specified,Land,97,2229,13400000,6022
DUBAI HILLS,Studio,Unit,22,2134,990000,434
DUBAI INDUSTRIAL CITY,1 B/R,Unit,140,1436,933065,648
DUBAI INDUSTRIAL CITY,2 B/R,Unit,31,1389,1263173,881
DUBAI INDUSTRIAL CITY,3 B/R,Building,8,835,1300000,1455
DUBAI INDUSTRIAL CITY,4 B/R,Building,11,1000,2550000,2600
DUBAI INDUSTRIAL CITY,Studio,Unit,411,1440,550055,379
DUBAI INVESTMENT PARK FIRST,1 B/R,Unit,439,1158,812400,698
DUBAI INVESTMENT PARK FIRST,2 B/R,Building,187,1039,1159041,1068
DUBAI INVESTMENT PARK FIRST,2 B/R,Unit,348,1068,1200400,1088
DUBAI INVESTMENT PARK FIRST,3 B/R,Building,115,897,1659585,1710
DUBAI INVESTMENT PARK FIRST,3 B/R,Unit,58,890,1866400,1650
DUBAI INVESTMENT PARK FIRST,4 B/R,Building,348,1281,1379714,1088
DUBAI INVESTMENT PARK FIRST,4 B/R,Unit,15,548,994400,1875
DUBAI INVESTMENT PARK FIRST,5 B/R,Building,11,691,10300000,8370
DUBAI INVESTMENT PARK FIRST,Office,Unit,24,705,971000,1378
DUBAI INVESTMENT PARK FIRST,Studio,Unit,312,1042,395479,384
DUBAI INVESTMENT PARK SECOND,1 B/R,Unit,506,1440,1244000,852
DUBAI INVESTMENT PARK SECOND,2 B/R,Unit,139,1463,2043450,1423
DUBAI INVESTMENT PARK SECOND,3 B/R,Building,156,2271,3612888,1601
DUBAI INVESTMENT PARK SECOND,4 B/R,Building,170,1666,4638250,2687
DUBAI INVESTMENT PARK SECOND,5 B/R,Building,25,1588,4301000,2632
DUBAI INVESTMENT PARK SECOND,NA,Unit,5,558,4540000,8138
DUBAI INVESTMENT PARK SECOND,Not specified,Land,110,2022,10866888,5375
DUBAI INVESTMENT PARK SECOND,Studio,Unit,124,893,408134,451
DUBAI LAND RESIDENCE COMPLEX,1 B/R,Unit,1780,1308,1043398,799
DUBAI LAND RESIDENCE COMPLEX,2 B/R,Unit,641,1186,1450000,1254
DUBAI LAND RESIDENCE COMPLEX,3 B/R,Unit,130,1167,1820068,1543
DUBAI LAND RESIDENCE COMPLEX,NA,Unit,51,1571,1609106,1045
DUBAI LAND RESIDENCE COMPLEX,Shop,Unit,8,2750,2075532,728
DUBAI LAND RESIDENCE COMPLEX,Studio,Unit,2191,1605,693356,429
DUBAI LIFESTYLE CITY,1 B/R,Unit,12,1457,1225000,833
DUBAI MARINA,1 B/R,Unit,592,1993,1595000,821
DUBAI MARINA,2 B/R,Unit,430,1900,2550000,1329
DUBAI MARINA,3 B/R,Unit,186,1858,4000000,2002
DUBAI MARINA,4 B/R,Unit,39,1488,5112750,3173
DUBAI MARINA,NA,Unit,7,3000,2100000,671
DUBAI MARINA,Office,Unit,5,2571,9527234,3705
DUBAI MARINA,PENTHOUSE,Unit,7,2076,5875000,2970
DUBAI MARINA,Shop,Unit,18,2108,3650000,1523
DUBAI MARINA,Studio,Unit,171,2778,1060000,416
DUBAI MARITIME CITY,1 B/R,Unit,444,3205,2474950,776
DUBAI MARITIME CITY,2 B/R,Unit,139,2723,3763500,1462
DUBAI MARITIME CITY,3 B/R,Unit,28,2706,5499700,2045
DUBAI MARITIME CITY,NA,Unit,18,4000,3681260,920
DUBAI MARITIME CITY,Studio,Unit,319,3432,1380000,404
DUBAI PRODUCTION CITY,1 B/R,Unit,1006,1303,1082871,800
DUBAI PRODUCTION CITY,2 B/R,Unit,396,1269,1580000,1221
DUBAI PRODUCTION CITY,3 B/R,Unit,75,1273,2178697,1736
DUBAI PRODUCTION CITY,Studio,Unit,825,1531,661500,431
DUBAI SCIENCE PARK,1 B/R,Unit,364,1589,1470040,906
DUBAI SCIENCE PARK,2 B/R,Unit,142,1425,2263294,1560
DUBAI SCIENCE PARK,3 B/R,Unit,18,1400,3591900,2600
DUBAI SCIENCE PARK,NA,Unit,33,3395,3155000,875
DUBAI SCIENCE PARK,Not specified,Land,9,1621,6350000,3918
DUBAI SCIENCE PARK,Studio,Unit,499,2018,831999,416
DUBAI SOUTH,1 B/R,Unit,473,1212,920000,746
DUBAI SOUTH,2 B/R,Unit,465,1222,1348900,1137
DUBAI SOUTH,3 B/R,Unit,41,1063,1950000,1673
DUBAI SOUTH,Not specified,Land,5,576,13897440,26415
DUBAI SOUTH,Studio,Unit,303,1357,540000,403
DUBAI SPORTS CITY,1 B/R,Unit,647,1253,1000000,795
DUBAI SPORTS CITY,2 B/R,Unit,489,1287,1590723,1215
DUBAI SPORTS CITY,3 B/R,Unit,61,1313,2186782,1632
DUBAI SPORTS CITY,NA,Unit,87,2330,903560,384
DUBAI SPORTS CITY,Not specified,Land,7,1630,4550000,2659
DUBAI SPORTS CITY,Office,Unit,5,1283,530000,374
DUBAI SPORTS CITY,Studio,Unit,698,1414,616844,427
DUBAI STUDIO CITY,1 B/R,Unit,373,1456,1020250,684
DUBAI STUDIO CITY,2 B/R,Unit,58,1321,1482555,1152
DUBAI STUDIO CITY,3 B/R,Unit,7,1002,1500000,1647
DUBAI STUDIO CITY,NA,Unit,6,2800,1755725,627
DUBAI STUDIO CITY,Studio,Unit,583,1599,568000,351
DUBAI WATER CANAL,1 B/R,Unit,32,2690,2303000,839
DUBAI WATER CANAL,2 B/R,Unit,69,2928,4705205,1604
DUBAI WATER CANAL,3 B/R,Unit,27,4991,21059760,4610
DUBAI WATER CANAL,4 B/R,Unit,10,4895,32375000,5436
DUBAI WATER CANAL,5 B/R,Unit,7,4712,47000000,10443
DUBAI WATER CANAL,NA,Unit,10,2822,4498177,1328
EMAAR SOUTH,1 B/R,Unit,19,1400,1000000,679
EMAAR SOUTH,2 B/R,Unit,39,1210,1460000,1214
EMAAR SOUTH,3 B/R,Building,65,1535,2250000,1518
EMAAR SOUTH,3 B/R,Unit,11,1001,2230000,2153
EMAAR SOUTH,4 B/R,Building,35,1048,3100000,2893
EMAAR SOUTH,Not specified,Land,10,915,4750000,5402
EMIRATE LIVING,2 B/R,Building,140,1598,3700000,2162
EMIRATE LIVING,3 B/R,Building,112,1705,5800000,3654
FALCON CITY OF WONDERS,1 B/R,Unit,141,1571,1364828,914
FALCON CITY OF WONDERS,2 B/R,Unit,59,1559,1971828,1246
FALCON CITY OF WONDERS,3 B/R,Unit,16,1573,2768328,1746
FALCON CITY OF WONDERS,Not specified,Land,18,903,4947500,5355
FALCON CITY OF WONDERS,Studio,Unit,84,1899,874000,452
GHADEER AL TAIR,Not specified,Land,60,2018,14200000,7059
GRAND VIEWS,4 B/R,Building,19,2262,6100000,2361
GRAND VIEWS,Not specified,Land,5,1923,10500000,5461
HADAEQ SHEIKH MOHAMMED BIN RASHID,1 B/R,Unit,361,2400,1786888,746
HADAEQ SHEIKH MOHAMMED BIN RASHID,2 B/R,Unit,306,2394,2720888,1140
HADAEQ SHEIKH MOHAMMED BIN RASHID,3 B/R,Unit,130,2587,4580888,1807
HADAEQ SHEIKH MOHAMMED BIN RASHID,Not specified,Land,185,2577,22150000,8073
HOR AL ANZ,Not specified,Land,56,907,2300000,2485
HORIZON,1 B/R,Unit,652,2357,1897315,819
HORIZON,2 B/R,Unit,240,2327,2997944,1280
HORIZON,3 B/R,Unit,38,2255,4280328,1910
HORIZON,NA,Unit,100,3312,4316136,1468
INTERNATIONAL CITY PH 1,1 B/R,Unit,527,645,490000,743
INTERNATIONAL CITY PH 1,2 B/R,Unit,83,793,890000,1195
INTERNATIONAL CITY PH 1,3 B/R,Unit,33,664,1550000,2384
INTERNATIONAL CITY PH 1,NA,Unit,154,1202,775500,721
INTERNATIONAL CITY PH 1,Office,Unit,13,664,824000,1254
INTERNATIONAL CITY PH 1,Studio,Unit,437,723,350000,474
INTERNATIONAL CITY PH 2 & 3,1 B/R,Unit,560,1151,864000,726
INTERNATIONAL CITY PH 2 & 3,2 B/R,Unit,127,1131,1247056,1026
INTERNATIONAL CITY PH 2 & 3,3 B/R,Unit,10,692,1400000,2278
INTERNATIONAL CITY PH 2 & 3,Not specified,Land,27,624,17000000,26910
INTERNATIONAL CITY PH 2 & 3,Studio,Unit,401,1200,500000,427
JABAL ALI FIRST,1 B/R,Unit,1073,1759,1477000,655
JABAL ALI FIRST,2 B/R,Unit,771,1544,1959000,1230
JABAL ALI FIRST,3 B/R,Unit,131,1644,2977000,1795
JABAL ALI FIRST,NA,Unit,55,6500,6434680,974
JABAL ALI FIRST,Not specified,Land,65,223,641474,3617
JABAL ALI FIRST,Studio,Unit,297,1686,675000,412
JABAL ALI INDUSTRIAL FIRST,Not specified,Land,8,1081,14427499,14919
JABAL ALI INDUSTRIAL SECOND,1 B/R,Unit,354,1564,1148014,664
JABAL ALI INDUSTRIAL SECOND,2 B/R,Unit,65,1495,1696036,1120
JABAL ALI INDUSTRIAL SECOND,3 B/R,Unit,24,1288,1969617,1523
JABAL ALI INDUSTRIAL SECOND,NA,Unit,107,2122,1840085,850
JABAL ALI INDUSTRIAL SECOND,Studio,Unit,785,1756,679228,390
JABEL ALI HILLS,Not specified,Land,113,370,3839486,10307
JADDAF WATERFRONT,1 B/R,Unit,90,1882,1290530,746
JADDAF WATERFRONT,2 B/R,Unit,132,1873,1912500,995
JADDAF WATERFRONT,3 B/R,Unit,16,1827,3409414,1899
JADDAF WATERFRONT,NA,Unit,19,2500,1612000,602
JADDAF WATERFRONT,Studio,Unit,26,1938,940000,556
JUMEIRAH BEACH RESIDENCE,1 B/R,Unit,66,1740,2000000,1103
JUMEIRAH BEACH RESIDENCE,2 B/R,Unit,116,1634,2300000,1393
JUMEIRAH BEACH RESIDENCE,3 B/R,Unit,73,1474,2900000,1903
JUMEIRAH BEACH RESIDENCE,4 B/R,Unit,26,1636,5018510,3092
JUMEIRAH BEACH RESIDENCE,PENTHOUSE,Unit,7,1936,4100000,2118
JUMEIRAH BEACH RESIDENCE,Studio,Unit,8,1764,1175000,713
JUMEIRAH FIRST,1 B/R,Unit,7,2852,2275000,798
JUMEIRAH FIRST,2 B/R,Unit,20,4013,5075000,1372
JUMEIRAH FIRST,3 B/R,Unit,21,7160,24672000,3165
JUMEIRAH FIRST,4 B/R,Unit,14,7355,34883500,4538
JUMEIRAH FIRST,Not specified,Land,32,1301,10239184,7716
JUMEIRAH GOLF,1 B/R,Unit,18,1497,1225000,817
JUMEIRAH GOLF,2 B/R,Unit,20,1523,2112500,1371
JUMEIRAH GOLF,3 B/R,Building,20,2734,4225000,1517
JUMEIRAH GOLF,Not specified,Land,24,2119,14250000,7971
JUMEIRAH HEIGHTS,1 B/R,Unit,69,2520,2098000,830
JUMEIRAH HEIGHTS,2 B/R,Unit,34,2467,3299914,1369
JUMEIRAH HEIGHTS,3 B/R,Unit,11,2328,4400000,2370
JUMEIRAH LAKES TOWERS,1 B/R,Unit,414,1462,1277500,831
JUMEIRAH LAKES TOWERS,2 B/R,Unit,270,1560,2408924,1337
JUMEIRAH LAKES TOWERS,3 B/R,Unit,72,1528,2762500,1923
JUMEIRAH LAKES TOWERS,4 B/R,Unit,6,1221,3962708,2929
JUMEIRAH LAKES TOWERS,NA,Unit,88,3004,3900000,1098
JUMEIRAH LAKES TOWERS,Office,Unit,408,1616,1900000,1123
JUMEIRAH LAKES TOWERS,Shop,Unit,30,1933,1520002,872
JUMEIRAH LAKES TOWERS,Studio,Unit,239,1862,825000,415
JUMEIRAH LIVING,1 B/R,Unit,15,2648,2100000,813
JUMEIRAH LIVING,2 B/R,Unit,12,2585,3605000,1430
JUMEIRAH PARK,Not specified,Land,5,3298,21000000,6065
JUMEIRAH SECOND,2 B/R,Unit,21,9423,27477000,2920
JUMEIRAH SECOND,3 B/R,Unit,19,9137,41249000,4652
JUMEIRAH SECOND,4 B/R,Unit,5,7473,39200000,5832
JUMEIRAH THIRD,Not specified,Land,6,1150,15260000,12500
JUMEIRAH VILLAGE CIRCLE,1 B/R,Unit,3835,1401,1093126,790
JUMEIRAH VILLAGE CIRCLE,2 B/R,Unit,1021,1304,1665000,1238
JUMEIRAH VILLAGE CIRCLE,3 B/R,Building,62,1705,3300000,1677
JUMEIRAH VILLAGE CIRCLE,3 B/R,Unit,124,1402,2237490,1509
JUMEIRAH VILLAGE CIRCLE,4 B/R,Building,70,1688,3382500,1833
JUMEIRAH VILLAGE CIRCLE,4 B/R,Unit,9,908,2950000,3264
JUMEIRAH VILLAGE CIRCLE,NA,Unit,164,2495,2765000,1104
JUMEIRAH VILLAGE CIRCLE,Not specified,Land,28,1054,2475000,1938
JUMEIRAH VILLAGE CIRCLE,Office,Unit,41,1777,2166000,1457
JUMEIRAH VILLAGE CIRCLE,Shop,Unit,7,916,1200000,1163
JUMEIRAH VILLAGE CIRCLE,Studio,Unit,2279,1711,708520,414
JUMEIRAH VILLAGE TRIANGLE,1 B/R,Unit,1068,1621,1200000,729
JUMEIRAH VILLAGE TRIANGLE,2 B/R,Unit,298,1486,1725668,1178
JUMEIRAH VILLAGE TRIANGLE,3 B/R,Building,5,1826,3400000,1807
JUMEIRAH VILLAGE TRIANGLE,3 B/R,Unit,45,1555,2749999,1645
JUMEIRAH VILLAGE TRIANGLE,4 B/R,Building,5,2018,4625000,2292
JUMEIRAH VILLAGE TRIANGLE,NA,Unit,46,2369,2923675,1289
JUMEIRAH VILLAGE TRIANGLE,Not specified,Land,71,1009,5300000,6846
JUMEIRAH VILLAGE TRIANGLE,Studio,Unit,673,1936,768319,384
LA MER,1 B/R,Unit,29,2761,2275000,810
LA MER,2 B/R,Unit,31,3071,3850000,1210
LA MER,3 B/R,Unit,10,7332,23654000,3130
LA MER,4 B/R,Unit,5,7305,34117000,4670
LIVING LEGENDS,1 B/R,Unit,67,1203,1027000,855
LIVING LEGENDS,2 B/R,Unit,67,1174,1557000,1409
LIVING LEGENDS,3 B/R,Unit,55,1164,2150000,1820
LIVING LEGENDS,Not specified,Land,26,827,5100000,6143
LIVING LEGENDS,Studio,Unit,152,1436,607558,424
LIWAN,1 B/R,Unit,320,1056,861500,802
LIWAN,2 B/R,Unit,133,1020,1380000,1319
LIWAN,3 B/R,Unit,15,733,1250000,1765
LIWAN,NA,Unit,6,1766,1297000,765
LIWAN,Studio,Unit,97,1480,638768,414
LIWAN 2,1 B/R,Unit,6,751,500000,714
LIWAN 2,2 B/R,Unit,8,1111,1296000,1090
LIWAN 2,Not specified,Land,8,1725,13925000,8097
MADINAT AL MATAAR,1 B/R,Unit,3609,1601,1185600,742
MADINAT AL MATAAR,2 B/R,Unit,1616,1604,1974500,1136
MADINAT AL MATAAR,3 B/R,Building,129,1571,3320000,2012
MADINAT AL MATAAR,3 B/R,Unit,277,1570,2547690,1635
MADINAT AL MATAAR,4 B/R,Building,274,1294,4600000,3483
MADINAT AL MATAAR,5 B/R,Building,174,1373,5980000,4155
MADINAT AL MATAAR,NA,Unit,80,3926,2360139,744
MADINAT AL MATAAR,Not specified,Land,178,45,1360729,11187
MADINAT AL MATAAR,Studio,Unit,5718,1775,650000,365
MADINAT DUBAI ALMELAHEYAH,1 B/R,Unit,391,2877,2518000,872
MADINAT DUBAI ALMELAHEYAH,2 B/R,Unit,251,2924,4112264,1385
MADINAT DUBAI ALMELAHEYAH,3 B/R,Unit,66,3270,6915194,1807
MADINAT DUBAI ALMELAHEYAH,4 B/R,Unit,8,4325,13231000,3060
MADINAT DUBAI ALMELAHEYAH,NA,Unit,89,3711,10658000,2869
MADINAT HIND 4,1 B/R,Unit,43,1194,663000,554
MADINAT HIND 4,2 B/R,Unit,43,1258,1177000,1017
MADINAT HIND 4,Not specified,Land,788,1039,1700000,1881
MADINAT HIND 4,Studio,Unit,50,1109,465852,420
MAJAN,1 B/R,Unit,1118,1373,1100000,792
MAJAN,2 B/R,Unit,415,1219,1569999,1299
MAJAN,3 B/R,Unit,44,1139,2122670,1862
MAJAN,NA,Unit,187,2066,1759328,952
MAJAN,Not specified,Land,8,873,9250000,16555
MAJAN,Studio,Unit,2317,1599,677999,407
MARSA DUBAI,1 B/R,Unit,88,3812,3909840,1058
MARSA DUBAI,2 B/R,Unit,147,4540,8336085,1979
MARSA DUBAI,3 B/R,Unit,71,4852,15334062,3184
MARSA DUBAI,4 B/R,Unit,16,4967,21011125,4328
MARSA DUBAI,NA,Unit,5,10000,23274900,2246
MARSA DUBAI,Studio,Unit,8,4086,3151420,712
MBR DISTRICT 1,1 B/R,Unit,74,1829,1441981,767
MBR DISTRICT 1,2 B/R,Unit,27,2077,2537082,1299
MBR DISTRICT 1,3 B/R,Unit,8,1821,3225000,1764
MBR DISTRICT 1,Not specified,Land,18,2724,22300000,8439
MBR DISTRICT 7,1 B/R,Unit,20,1621,1325000,799
MBR DISTRICT 7,2 B/R,Building,7,2284,2925000,1187
MBR DISTRICT 7,3 B/R,Building,12,2535,3675000,1460
MBR DISTRICT 7,Studio,Unit,22,1773,732500,411
ME'AISEM FIRST,4 B/R,Building,9,2701,7600000,2810
ME'AISEM FIRST,6 B/R,Building,15,4348,14797000,3552
ME'AISEM FIRST,Not specified,Land,259,1990,12213000,6136
ME'AISEM SECOND,Not specified,Land,616,1778,15821388,8779
MEYDAN AVENUE,1 B/R,Unit,62,1460,1188003,814
MEYDAN AVENUE,2 B/R,Unit,64,1646,2524498,1534
MEYDAN AVENUE,3 B/R,Unit,12,1574,4157996,2633
MEYDAN AVENUE,NA,Unit,9,3585,1235475,357
MEYDAN ONE,1 B/R,Unit,273,2066,1500130,742
MEYDAN ONE,2 B/R,Unit,100,2110,2460625,1202
MEYDAN ONE,3 B/R,Unit,22,2708,4531752,1671
MEYDAN ONE,NA,Unit,66,5199,3003000,550
MEYDAN ONE,Studio,Unit,525,2069,745000,372
MINA RASHID,2 B/R,Unit,14,2232,2665000,1163
MIRA,3 B/R,Building,87,1197,3200000,2616
MIRA,4 B/R,Building,48,1282,4100000,3197
MIRDIF,1 B/R,Unit,19,1093,1080000,971
MIRDIF,2 B/R,Unit,54,1306,1839636,1509
MIRDIF,3 B/R,Unit,18,1250,2484001,1827
MIRDIF,Not specified,Land,42,520,5200000,10000
MIRDIF,Studio,Unit,9,1238,700000,512
MOTOR CITY,1 B/R,Unit,651,1633,1263919,790
MOTOR CITY,2 B/R,Unit,418,1614,1855696,1179
MOTOR CITY,3 B/R,Building,8,1626,6825000,4306
MOTOR CITY,3 B/R,Unit,77,1050,2460000,2169
MOTOR CITY,4 B/R,Building,15,1230,8885000,9766
MOTOR CITY,4 B/R,Unit,32,1075,4187216,3773
MOTOR CITY,NA,Unit,76,3876,4336150,1457
MOTOR CITY,Office,Unit,12,1695,2250024,1189
MOTOR CITY,Studio,Unit,350,1980,824369,416
MUDON,1 B/R,Unit,5,1421,934061,689
MUDON,2 B/R,Unit,10,1396,1560000,1046
MUDON,Not specified,Land,100,1422,3850000,2996
MUHAISANAH FIRST,1 B/R,Unit,12,1344,1250000,915
MUHAISANAH FIRST,2 B/R,Unit,18,1405,2100006,1440
MUHAISANAH FIRST,Not specified,Land,13,253,4600000,14600
NAD AL HAMAR,1 B/R,Unit,14,1258,929000,739
NAD AL HAMAR,2 B/R,Unit,29,1061,1414000,1335
NAD AL HAMAR,Not specified,Land,21,300,4430000,15000
NAD AL SHEBA GARDENS,1 B/R,Unit,37,1922,1685000,834
NAD AL SHEBA GARDENS,2 B/R,Unit,27,1803,2102879,1275
NAD AL SHEBA GARDENS,Not specified,Land,29,1947,13750000,9849
NAD AL SHIBA FIRST,1 B/R,Unit,64,2034,1568250,785
NAD AL SHIBA FIRST,2 B/R,Unit,26,2132,2431000,1135
NAD AL SHIBA FIRST,3 B/R,Building,160,2552,6244000,1961
NAD AL SHIBA FIRST,Not specified,Land,169,2184,14856000,6736
NAD AL SHIBA THIRD,Not specified,Land,18,991,5000000,5045
PALM DEIRA,1 B/R,Unit,1626,2853,2409286,834
PALM DEIRA,2 B/R,Unit,1361,2798,3605828,1286
PALM DEIRA,3 B/R,Unit,407,2976,5917828,1844
PALM DEIRA,4 B/R,Unit,53,2873,9911460,3097
PALM DEIRA,NA,Unit,6,5227,5331414,1196
PALM DEIRA,Studio,Unit,41,3216,1178000,354
PALM JABAL ALI,1 B/R,Unit,124,3368,2780500,836
PALM JABAL ALI,2 B/R,Unit,112,3607,4503500,1244
PALM JABAL ALI,3 B/R,Unit,58,3766,7712000,2037
PALM JABAL ALI,4 B/R,Unit,24,3846,13138500,3882
PALM JABAL ALI,5 B/R,Unit,5,3653,18864000,5041
PALM JUMEIRAH,1 B/R,Unit,159,2984,3265000,1113
PALM JUMEIRAH,2 B/R,Unit,293,3509,5900000,1746
PALM JUMEIRAH,3 B/R,Unit,173,4267,11900000,2283
PALM JUMEIRAH,4 B/R,Unit,48,5554,33750000,6668
PALM JUMEIRAH,5 B/R,Unit,8,6915,62235000,11616
PALM JUMEIRAH,6 B/R,Unit,5,7199,90000000,12418
PALM JUMEIRAH,PENTHOUSE,Unit,6,2139,8662500,4163
PALM JUMEIRAH,Studio,Unit,61,2926,1500000,523
PEARL JUMEIRA,Not specified,Land,10,2559,29100000,10937
PORT SAEED,Office,Unit,11,1700,2100000,1193
RAS AL KHOR INDUSTRIAL FIRST,1 B/R,Unit,109,2400,1770032,734
RAS AL KHOR INDUSTRIAL FIRST,2 B/R,Unit,78,2370,2520228,1143
RAS AL KHOR INDUSTRIAL FIRST,3 B/R,Unit,14,2600,5054373,1958
RAS AL KHOR INDUSTRIAL FIRST,4 B/R,Unit,8,2762,10511002,3741
REMRAAM,1 B/R,Unit,70,931,710000,755
REMRAAM,2 B/R,Unit,62,966,1100000,1111
REMRAAM,3 B/R,Unit,18,913,1710000,2193
REMRAAM,Studio,Unit,21,1025,480000,468
RUKAN,1 B/R,Building,11,1228,1100000,946
RUKAN,2 B/R,Building,6,1393,1855000,1332
SAIH SHUAIB 1,4 B/R,Building,395,2712,6575000,2154
SAMA AL JADAF,1 B/R,Unit,381,2028,1458999,699
SAMA AL JADAF,2 B/R,Unit,72,2103,2082999,1016
SAMA AL JADAF,NA,Unit,5,4639,3660434,874
SAMA AL JADAF,Studio,Unit,325,2277,836999,380
SERENA,2 B/R,Building,12,1337,2500000,1860
SERENA,3 B/R,Building,48,1271,3300000,2798
SILICON OASIS,1 B/R,Unit,510,960,835000,807
SILICON OASIS,2 B/R,Unit,367,1279,1550000,1214
SILICON OASIS,3 B/R,Unit,65,1043,2039175,1660
SILICON OASIS,NA,Unit,29,1359,1525000,1048
SILICON OASIS,Office,Unit,61,1061,1169820,1164
SILICON OASIS,Studio,Unit,214,1162,510843,440
SOBHA HEARTLAND,1 B/R,Unit,325,2071,1400000,692
SOBHA HEARTLAND,2 B/R,Unit,264,1970,2400000,1237
SOBHA HEARTLAND,3 B/R,Unit,73,1995,3300000,1612
SOBHA HEARTLAND,4 B/R,Unit,25,1997,4650000,2353
SOBHA HEARTLAND,NA,Unit,15,4001,6400000,1222
SOBHA HEARTLAND,Not specified,Land,22,2716,20250000,7592
SOBHA HEARTLAND,Studio,Unit,24,1855,972500,501
SUFOUH GARDENS,1 B/R,Unit,34,2544,1950576,763
SUFOUH GARDENS,2 B/R,Unit,98,2437,2880000,1257
SUFOUH GARDENS,3 B/R,Unit,10,1726,3695000,2127
SUSTAINABLE CITY,3 B/R,Building,9,2240,4750000,2104
SUSTAINABLE CITY,4 B/R,Building,11,2133,5075000,2328
TECOM SITE A,1 B/R,Unit,44,2515,2400000,1085
TECOM SITE A,2 B/R,Unit,52,2460,3844527,1581
TECOM SITE A,3 B/R,Unit,40,2447,5527139,2266
TECOM SITE A,4 B/R,Unit,10,3567,13600000,4815
TECOM SITE A,NA,Unit,545,4127,2313780,562
THE FIELD,3 B/R,Building,10,1563,3150000,2015
THE FIELD,4 B/R,Building,87,1613,3800000,2060
THE GREENS,1 B/R,Unit,129,1826,1450000,768
THE GREENS,2 B/R,Unit,112,1735,2450000,1338
THE GREENS,3 B/R,Unit,19,1780,3360000,1855
THE GREENS,Office,Unit,8,4099,4754250,1128
THE GREENS,Studio,Unit,23,2009,900000,432
THE LAKES,1 B/R,Unit,9,2380,1800000,758
THE LAKES,2 B/R,Unit,18,2339,3065000,1242
THE LAKES,3 B/R,Building,25,2349,7000000,3371
THE LAKES,3 B/R,Unit,21,2617,5000000,1907
THE LAKES,Not specified,Land,12,2247,12087500,5245
THE VALLEY,3 B/R,Building,41,1497,2835000,1873
THE VALLEY,4 B/R,Building,28,1235,3400000,2772
THE VILLA,Not specified,Land,68,988,6975000,6544
THE WORLD,Studio,Unit,16,4271,1960000,448
TILAL AL GHAF,3 B/R,Building,18,2443,3775000,1512
TILAL AL GHAF,4 B/R,Building,27,1954,4375000,2174
TILAL AL GHAF,Not specified,Land,15,1931,10850000,5181
TOWN SQUARE,1 B/R,Unit,125,1429,830000,607
TOWN SQUARE,2 B/R,Unit,200,1281,1250000,941
TOWN SQUARE,3 B/R,Building,63,1334,2775000,2029
TOWN SQUARE,3 B/R,Unit,43,1264,1900000,1415
TOWN SQUARE,4 B/R,Building,15,1145,3500000,3073
TOWN SQUARE,Studio,Unit,36,1584,542500,347
TRADE CENTER FIRST,1 B/R,Unit,68,3489,2761820,788
TRADE CENTER FIRST,2 B/R,Unit,28,3292,4075000,1254
TRADE CENTER FIRST,3 B/R,Unit,8,3905,6499729,1665
TRADE CENTER FIRST,NA,Unit,24,5153,11257710,1885
TRADE CENTER FIRST,Office,Unit,5,1727,2900000,1369
TRADE CENTER SECOND,1 B/R,Unit,7,4849,4271000,880
TRADE CENTER SECOND,2 B/R,Unit,22,1715,3412500,1667
TRADE CENTER SECOND,3 B/R,Unit,28,5571,10743000,1930
TRADE CENTER SECOND,NA,Unit,77,4776,22285000,3415
UM AL SHEIF,Not specified,Land,18,1159,15800000,15000
UM SUQAIM FIRST,Not specified,Land,36,6000,137584631,23303
UM SUQAIM THIRD,1 B/R,Unit,125,2837,2366000,843
UM SUQAIM THIRD,2 B/R,Unit,133,2689,3650000,1348
UM SUQAIM THIRD,3 B/R,Unit,54,2813,6147000,2222
UM SUQAIM THIRD,4 B/R,Unit,6,3671,9885000,2738
VILLANOVA,2 B/R,Building,11,1398,2400000,1733
VILLANOVA,3 B/R,Building,69,1621,2900000,1761
VILLANOVA,4 B/R,Building,73,1364,3650000,2596
VILLANOVA,Not specified,Land,8,1243,4700000,3933
WADI AL SAFA 2,1 B/R,Unit,13,1270,1010000,823
WADI AL SAFA 2,2 B/R,Building,29,1281,1275000,976
WADI AL SAFA 2,2 B/R,Unit,7,1176,1870232,1473
WADI AL SAFA 2,4 B/R,Building,7,1955,1931280,976
WADI AL SAFA 2,NA,Unit,5,3500,2388968,726
WADI AL SAFA 2,Not specified,Land,20,1948,9476310,4672
WADI AL SAFA 3,1 B/R,Unit,188,1856,1491800,856
WADI AL SAFA 3,2 B/R,Unit,128,1656,2035811,1287
WADI AL SAFA 3,3 B/R,Building,90,2425,2067500,853
WADI AL SAFA 3,3 B/R,Unit,37,1341,3231900,2007
WADI AL SAFA 3,4 B/R,Building,77,3066,7942044,1941
WADI AL SAFA 3,5 B/R,Building,65,2845,13480000,4758
WADI AL SAFA 3,NA,Unit,7,2948,2668644,1064
WADI AL SAFA 3,Not specified,Land,133,1574,7775408,4758
WADI AL SAFA 3,Studio,Unit,10,772,457458,561
WADI AL SAFA 4,1 B/R,Unit,259,1883,1512000,806
WADI AL SAFA 4,2 B/R,Unit,291,1957,2863000,1450
WADI AL SAFA 4,3 B/R,Building,23,1435,4150000,3031
WADI AL SAFA 4,3 B/R,Unit,70,2007,4861000,2857
WADI AL SAFA 4,Studio,Unit,119,1817,597960,329
WADI AL SAFA 5,1 B/R,Unit,167,1644,1545699,904
WADI AL SAFA 5,2 B/R,Unit,145,1628,2382388,1462
WADI AL SAFA 5,3 B/R,Building,215,1677,3074000,1808
WADI AL SAFA 5,3 B/R,Unit,92,1508,3179200,2068
WADI AL SAFA 5,4 B/R,Building,174,1358,4050000,3014
WADI AL SAFA 5,5 B/R,Building,12,1357,6137500,4521
WADI AL SAFA 5,Not specified,Land,147,1391,7300000,4908
WADI AL SAFA 7,1 B/R,Building,43,1669,970000,569
WADI AL SAFA 7,1 B/R,Unit,23,1119,755000,692
WADI AL SAFA 7,2 B/R,Building,160,1266,1289403,947
WADI AL SAFA 7,2 B/R,Unit,6,950,849000,878
WADI AL SAFA 7,3 B/R,Building,15,1205,1898176,1399
WADI AL SAFA 7,4 B/R,Building,11,1510,1430000,947
WADI AL SAFA 7,Not specified,Land,49,1440,7750000,5167
WADI AL SAFA 7,Studio,Unit,20,1188,506500,423
WARSAN FIRST,1 B/R,Unit,105,1200,834000,683
WARSAN FIRST,2 B/R,Unit,16,1162,1299500,1092
WARSAN FIRST,NA,Unit,26,1511,1507944,968
WARSAN FIRST,Studio,Unit,204,1379,523700,380
ZAABEEL FIRST,1 B/R,Unit,35,2948,2300000,767
ZAABEEL FIRST,2 B/R,Unit,41,3266,4356888,1409
ZAABEEL FIRST,3 B/R,Unit,10,2490,4639888,1826
ZAABEEL SECOND,1 B/R,Unit,258,2839,2430500,873
ZAABEEL SECOND,2 B/R,Unit,288,3292,4523500,1331
ZAABEEL SECOND,3 B/R,Unit,100,3534,6744790,1988
ZAABEEL SECOND,4 B/R,Unit,12,3965,11053000,2837
