"# Dubai registered residential sales per day - TEX & TEX Real Estate, computed from Dubai Land Department open data, generated 2026-10-10. Free to republish with attribution and a link to https://data.tex.ae"
d,sales,value,median_psf
2026-10-09,453,1042518089,1730
2026-10-08,477,1030953907,1633
2026-10-07,432,1163223827,1747
2026-10-06,421,1186727284,1727
2026-10-05,530,1082979731,1640
2026-10-04,15,21448018,1628
2026-10-03,134,209251594,1850
2026-10-02,1084,2924720929,780
2026-10-01,420,1004454458,1600
2026-09-30,457,1081080487,1600
2026-09-29,582,1056476667,1621
2026-09-28,454,999977171,1705
2026-09-27,3,6575000,1116
2026-09-26,50,59989460,1430
2026-09-25,491,1067925456,1639
2026-09-24,444,973387076,1576
2026-09-23,475,1158954842,1599
2026-09-22,453,1029626740,1690
2026-09-21,412,1051982745,1673
2026-09-20,2,1995000,1368
2026-09-19,74,94842754,1442
2026-09-18,459,1213499073,1659
2026-09-17,559,1170220796,1682
2026-09-16,373,997584902,1705
2026-09-15,359,813498838,1566
2026-09-14,463,914792075,1637
2026-09-12,65,98072648,1511
2026-09-11,593,1150012837,1633
2026-09-10,593,1288601990,1719
2026-09-09,666,1158521024,1708
2026-09-08,443,923341507,1583
2026-09-07,457,968632350,1607
2026-09-06,15,40554792,1932
2026-09-05,71,127843267,1625
